(FRESH DAVID LETTERS -- zero at TOP-LEFT corner of the first D)
(zero at the marked point; Z0 = SURFACE there. 1/16in tapered ball nose)
(bold serif, 2.0mm deep pocket + outline. cut F1200, ramp F200, safe Z 2.0)
G21
G90
G17
G94
(HOVER CHECK -- spindle OFF; pauses over the zero point)
G0 Z6.000
G0 X0.000 Y0.000
M0
M3 S12000
G4 P4.0
G0 Z2.000
(--- glyph 0 ---)
G0 Z2.000
G0 Z2.000
G0 X1.200 Y0.000
G1 X1.700 Y0.000 Z1.333 F200
G1 X2.200 Y0.000 Z0.667 F200
G1 X2.700 Y0.000 Z0.000 F200
G1 X3.200 Y0.000 Z-0.667 F200
G1 X3.700 Y0.000 Z-1.333 F200
G1 X4.200 Y0.000 Z-2.000 F200
G1 X12.360 Y0.000 Z-2.000 F1200
G0 Z2.000
G0 X15.480 Y-0.600
G1 X14.980 Y-0.600 Z1.333 F200
G1 X14.480 Y-0.600 Z0.667 F200
G1 X13.980 Y-0.600 Z0.000 F200
G1 X13.480 Y-0.600 Z-0.667 F200
G1 X12.980 Y-0.600 Z-1.333 F200
G1 X12.480 Y-0.600 Z-2.000 F200
G1 X1.200 Y-0.600 Z-2.000 F1200
G0 Z2.000
G0 X1.200 Y-1.200
G1 X1.700 Y-1.200 Z1.333 F200
G1 X2.200 Y-1.200 Z0.667 F200
G1 X2.700 Y-1.200 Z0.000 F200
G1 X3.200 Y-1.200 Z-0.667 F200
G1 X3.700 Y-1.200 Z-1.333 F200
G1 X4.200 Y-1.200 Z-2.000 F200
G1 X16.800 Y-1.200 Z-2.000 F1200
G0 Z2.000
G0 X17.880 Y-1.800
G1 X17.380 Y-1.800 Z1.333 F200
G1 X16.880 Y-1.800 Z0.667 F200
G1 X16.380 Y-1.800 Z0.000 F200
G1 X15.880 Y-1.800 Z-0.667 F200
G1 X15.380 Y-1.800 Z-1.333 F200
G1 X14.880 Y-1.800 Z-2.000 F200
G1 X12.360 Y-1.800 Z-2.000 F1200
G0 Z2.000
G0 X8.400 Y-1.800
G1 X7.900 Y-1.800 Z1.333 F200
G1 X7.400 Y-1.800 Z0.667 F200
G1 X6.900 Y-1.800 Z0.000 F200
G1 X6.400 Y-1.800 Z-0.667 F200
G1 X5.900 Y-1.800 Z-1.333 F200
G1 X5.400 Y-1.800 Z-2.000 F200
G1 X3.600 Y-1.800 Z-2.000 F1200
G0 Z2.000
G0 X3.600 Y-2.400
G1 X4.100 Y-2.400 Z1.333 F200
G1 X4.600 Y-2.400 Z0.667 F200
G1 X5.100 Y-2.400 Z0.000 F200
G1 X5.600 Y-2.400 Z-0.667 F200
G1 X6.100 Y-2.400 Z-1.333 F200
G1 X6.600 Y-2.400 Z-2.000 F200
G1 X8.400 Y-2.400 Z-2.000 F1200
G0 Z2.000
G0 X13.560 Y-2.400
G1 X14.060 Y-2.400 Z1.333 F200
G1 X14.560 Y-2.400 Z0.667 F200
G1 X15.060 Y-2.400 Z0.000 F200
G1 X15.560 Y-2.400 Z-0.667 F200
G1 X16.060 Y-2.400 Z-1.333 F200
G1 X16.560 Y-2.400 Z-2.000 F200
G1 X18.600 Y-2.400 Z-2.000 F1200
G0 Z2.000
G0 X19.200 Y-3.000
G1 X18.700 Y-3.000 Z1.333 F200
G1 X18.200 Y-3.000 Z0.667 F200
G1 X17.700 Y-3.000 Z0.000 F200
G1 X17.200 Y-3.000 Z-0.667 F200
G1 X16.700 Y-3.000 Z-1.333 F200
G1 X16.200 Y-3.000 Z-2.000 F200
G1 X14.280 Y-3.000 Z-2.000 F1200
G0 Z2.000
G0 X8.400 Y-3.000
G1 X7.900 Y-3.000 Z1.333 F200
G1 X7.400 Y-3.000 Z0.667 F200
G1 X6.900 Y-3.000 Z0.000 F200
G1 X6.400 Y-3.000 Z-0.667 F200
G1 X5.900 Y-3.000 Z-1.333 F200
G1 X5.400 Y-3.000 Z-2.000 F200
G1 X3.600 Y-3.000 Z-2.000 F1200
G0 Z2.000
G0 X3.600 Y-3.600
G1 X4.100 Y-3.600 Z1.333 F200
G1 X4.600 Y-3.600 Z0.667 F200
G1 X5.100 Y-3.600 Z0.000 F200
G1 X5.600 Y-3.600 Z-0.667 F200
G1 X6.100 Y-3.600 Z-1.333 F200
G1 X6.600 Y-3.600 Z-2.000 F200
G1 X8.400 Y-3.600 Z-2.000 F1200
G0 Z2.000
G0 X14.760 Y-3.600
G1 X15.260 Y-3.600 Z1.333 F200
G1 X15.760 Y-3.600 Z0.667 F200
G1 X16.260 Y-3.600 Z0.000 F200
G1 X16.760 Y-3.600 Z-0.667 F200
G1 X17.260 Y-3.600 Z-1.333 F200
G1 X17.760 Y-3.600 Z-2.000 F200
G1 X19.680 Y-3.600 Z-2.000 F1200
G0 Z2.000
G0 X20.040 Y-4.200
G1 X19.540 Y-4.200 Z1.333 F200
G1 X19.040 Y-4.200 Z0.667 F200
G1 X18.540 Y-4.200 Z0.000 F200
G1 X18.040 Y-4.200 Z-0.667 F200
G1 X17.540 Y-4.200 Z-1.333 F200
G1 X17.040 Y-4.200 Z-2.000 F200
G1 X15.000 Y-4.200 Z-2.000 F1200
G0 Z2.000
G0 X8.400 Y-4.200
G1 X7.900 Y-4.200 Z1.333 F200
G1 X7.400 Y-4.200 Z0.667 F200
G1 X6.900 Y-4.200 Z0.000 F200
G1 X6.400 Y-4.200 Z-0.667 F200
G1 X5.900 Y-4.200 Z-1.333 F200
G1 X5.400 Y-4.200 Z-2.000 F200
G1 X3.600 Y-4.200 Z-2.000 F1200
G0 Z2.000
G0 X3.600 Y-4.800
G1 X4.100 Y-4.800 Z1.333 F200
G1 X4.600 Y-4.800 Z0.667 F200
G1 X5.100 Y-4.800 Z0.000 F200
G1 X5.600 Y-4.800 Z-0.667 F200
G1 X6.100 Y-4.800 Z-1.333 F200
G1 X6.600 Y-4.800 Z-2.000 F200
G1 X8.400 Y-4.800 Z-2.000 F1200
G0 Z2.000
G0 X15.240 Y-4.800
G1 X15.740 Y-4.800 Z1.333 F200
G1 X16.240 Y-4.800 Z0.667 F200
G1 X16.740 Y-4.800 Z0.000 F200
G1 X17.240 Y-4.800 Z-0.667 F200
G1 X17.740 Y-4.800 Z-1.333 F200
G1 X18.240 Y-4.800 Z-2.000 F200
G1 X20.280 Y-4.800 Z-2.000 F1200
G0 Z2.000
G0 X20.520 Y-5.400
G1 X20.020 Y-5.400 Z1.333 F200
G1 X19.520 Y-5.400 Z0.667 F200
G1 X19.020 Y-5.400 Z0.000 F200
G1 X18.520 Y-5.400 Z-0.667 F200
G1 X18.020 Y-5.400 Z-1.333 F200
G1 X17.520 Y-5.400 Z-2.000 F200
G1 X15.480 Y-5.400 Z-2.000 F1200
G0 Z2.000
G0 X8.400 Y-5.400
G1 X7.900 Y-5.400 Z1.333 F200
G1 X7.400 Y-5.400 Z0.667 F200
G1 X6.900 Y-5.400 Z0.000 F200
G1 X6.400 Y-5.400 Z-0.667 F200
G1 X5.900 Y-5.400 Z-1.333 F200
G1 X5.400 Y-5.400 Z-2.000 F200
G1 X3.600 Y-5.400 Z-2.000 F1200
G0 Z2.000
G0 X3.600 Y-6.000
G1 X4.100 Y-6.000 Z1.333 F200
G1 X4.600 Y-6.000 Z0.667 F200
G1 X5.100 Y-6.000 Z0.000 F200
G1 X5.600 Y-6.000 Z-0.667 F200
G1 X6.100 Y-6.000 Z-1.333 F200
G1 X6.600 Y-6.000 Z-2.000 F200
G1 X8.400 Y-6.000 Z-2.000 F1200
G0 Z2.000
G0 X15.600 Y-6.000
G1 X16.100 Y-6.000 Z1.333 F200
G1 X16.600 Y-6.000 Z0.667 F200
G1 X17.100 Y-6.000 Z0.000 F200
G1 X17.600 Y-6.000 Z-0.667 F200
G1 X18.100 Y-6.000 Z-1.333 F200
G1 X18.600 Y-6.000 Z-2.000 F200
G1 X20.760 Y-6.000 Z-2.000 F1200
G0 Z2.000
G0 X20.880 Y-6.600
G1 X20.380 Y-6.600 Z1.333 F200
G1 X19.880 Y-6.600 Z0.667 F200
G1 X19.380 Y-6.600 Z0.000 F200
G1 X18.880 Y-6.600 Z-0.667 F200
G1 X18.380 Y-6.600 Z-1.333 F200
G1 X17.880 Y-6.600 Z-2.000 F200
G1 X15.720 Y-6.600 Z-2.000 F1200
G0 Z2.000
G0 X8.400 Y-6.600
G1 X7.900 Y-6.600 Z1.333 F200
G1 X7.400 Y-6.600 Z0.667 F200
G1 X6.900 Y-6.600 Z0.000 F200
G1 X6.400 Y-6.600 Z-0.667 F200
G1 X5.900 Y-6.600 Z-1.333 F200
G1 X5.400 Y-6.600 Z-2.000 F200
G1 X3.600 Y-6.600 Z-2.000 F1200
G0 Z2.000
G0 X3.600 Y-7.200
G1 X4.100 Y-7.200 Z1.333 F200
G1 X4.600 Y-7.200 Z0.667 F200
G1 X5.100 Y-7.200 Z0.000 F200
G1 X5.600 Y-7.200 Z-0.667 F200
G1 X6.100 Y-7.200 Z-1.333 F200
G1 X6.600 Y-7.200 Z-2.000 F200
G1 X8.400 Y-7.200 Z-2.000 F1200
G0 Z2.000
G0 X15.840 Y-7.200
G1 X16.340 Y-7.200 Z1.333 F200
G1 X16.840 Y-7.200 Z0.667 F200
G1 X17.340 Y-7.200 Z0.000 F200
G1 X17.840 Y-7.200 Z-0.667 F200
G1 X18.340 Y-7.200 Z-1.333 F200
G1 X18.840 Y-7.200 Z-2.000 F200
G1 X21.000 Y-7.200 Z-2.000 F1200
G0 Z2.000
G0 X21.120 Y-7.800
G1 X20.620 Y-7.800 Z1.333 F200
G1 X20.120 Y-7.800 Z0.667 F200
G1 X19.620 Y-7.800 Z0.000 F200
G1 X19.120 Y-7.800 Z-0.667 F200
G1 X18.620 Y-7.800 Z-1.333 F200
G1 X18.120 Y-7.800 Z-2.000 F200
G1 X15.840 Y-7.800 Z-2.000 F1200
G0 Z2.000
G0 X8.400 Y-7.800
G1 X7.900 Y-7.800 Z1.333 F200
G1 X7.400 Y-7.800 Z0.667 F200
G1 X6.900 Y-7.800 Z0.000 F200
G1 X6.400 Y-7.800 Z-0.667 F200
G1 X5.900 Y-7.800 Z-1.333 F200
G1 X5.400 Y-7.800 Z-2.000 F200
G1 X3.600 Y-7.800 Z-2.000 F1200
G0 Z2.000
G0 X3.600 Y-8.400
G1 X4.100 Y-8.400 Z1.333 F200
G1 X4.600 Y-8.400 Z0.667 F200
G1 X5.100 Y-8.400 Z0.000 F200
G1 X5.600 Y-8.400 Z-0.667 F200
G1 X6.100 Y-8.400 Z-1.333 F200
G1 X6.600 Y-8.400 Z-2.000 F200
G1 X8.400 Y-8.400 Z-2.000 F1200
G0 Z2.000
G0 X15.960 Y-8.400
G1 X16.460 Y-8.400 Z1.333 F200
G1 X16.960 Y-8.400 Z0.667 F200
G1 X17.460 Y-8.400 Z0.000 F200
G1 X17.960 Y-8.400 Z-0.667 F200
G1 X18.460 Y-8.400 Z-1.333 F200
G1 X18.960 Y-8.400 Z-2.000 F200
G1 X21.240 Y-8.400 Z-2.000 F1200
G0 Z2.000
G0 X21.240 Y-9.000
G1 X20.740 Y-9.000 Z1.333 F200
G1 X20.240 Y-9.000 Z0.667 F200
G1 X19.740 Y-9.000 Z0.000 F200
G1 X19.240 Y-9.000 Z-0.667 F200
G1 X18.740 Y-9.000 Z-1.333 F200
G1 X18.240 Y-9.000 Z-2.000 F200
G1 X15.960 Y-9.000 Z-2.000 F1200
G0 Z2.000
G0 X8.400 Y-9.000
G1 X7.900 Y-9.000 Z1.333 F200
G1 X7.400 Y-9.000 Z0.667 F200
G1 X6.900 Y-9.000 Z0.000 F200
G1 X6.400 Y-9.000 Z-0.667 F200
G1 X5.900 Y-9.000 Z-1.333 F200
G1 X5.400 Y-9.000 Z-2.000 F200
G1 X3.600 Y-9.000 Z-2.000 F1200
G0 Z2.000
G0 X3.600 Y-9.600
G1 X4.100 Y-9.600 Z1.333 F200
G1 X4.600 Y-9.600 Z0.667 F200
G1 X5.100 Y-9.600 Z0.000 F200
G1 X5.600 Y-9.600 Z-0.667 F200
G1 X6.100 Y-9.600 Z-1.333 F200
G1 X6.600 Y-9.600 Z-2.000 F200
G1 X8.400 Y-9.600 Z-2.000 F1200
G0 Z2.000
G0 X15.960 Y-9.600
G1 X16.460 Y-9.600 Z1.333 F200
G1 X16.960 Y-9.600 Z0.667 F200
G1 X17.460 Y-9.600 Z0.000 F200
G1 X17.960 Y-9.600 Z-0.667 F200
G1 X18.460 Y-9.600 Z-1.333 F200
G1 X18.960 Y-9.600 Z-2.000 F200
G1 X21.240 Y-9.600 Z-2.000 F1200
G0 Z2.000
G0 X21.240 Y-10.200
G1 X20.740 Y-10.200 Z1.333 F200
G1 X20.240 Y-10.200 Z0.667 F200
G1 X19.740 Y-10.200 Z0.000 F200
G1 X19.240 Y-10.200 Z-0.667 F200
G1 X18.740 Y-10.200 Z-1.333 F200
G1 X18.240 Y-10.200 Z-2.000 F200
G1 X15.960 Y-10.200 Z-2.000 F1200
G0 Z2.000
G0 X8.400 Y-10.200
G1 X7.900 Y-10.200 Z1.333 F200
G1 X7.400 Y-10.200 Z0.667 F200
G1 X6.900 Y-10.200 Z0.000 F200
G1 X6.400 Y-10.200 Z-0.667 F200
G1 X5.900 Y-10.200 Z-1.333 F200
G1 X5.400 Y-10.200 Z-2.000 F200
G1 X3.600 Y-10.200 Z-2.000 F1200
G0 Z2.000
G0 X3.600 Y-10.800
G1 X4.100 Y-10.800 Z1.333 F200
G1 X4.600 Y-10.800 Z0.667 F200
G1 X5.100 Y-10.800 Z0.000 F200
G1 X5.600 Y-10.800 Z-0.667 F200
G1 X6.100 Y-10.800 Z-1.333 F200
G1 X6.600 Y-10.800 Z-2.000 F200
G1 X8.400 Y-10.800 Z-2.000 F1200
G0 Z2.000
G0 X15.840 Y-10.800
G1 X16.340 Y-10.800 Z1.333 F200
G1 X16.840 Y-10.800 Z0.667 F200
G1 X17.340 Y-10.800 Z0.000 F200
G1 X17.840 Y-10.800 Z-0.667 F200
G1 X18.340 Y-10.800 Z-1.333 F200
G1 X18.840 Y-10.800 Z-2.000 F200
G1 X21.120 Y-10.800 Z-2.000 F1200
G0 Z2.000
G0 X21.120 Y-11.400
G1 X20.620 Y-11.400 Z1.333 F200
G1 X20.120 Y-11.400 Z0.667 F200
G1 X19.620 Y-11.400 Z0.000 F200
G1 X19.120 Y-11.400 Z-0.667 F200
G1 X18.620 Y-11.400 Z-1.333 F200
G1 X18.120 Y-11.400 Z-2.000 F200
G1 X15.840 Y-11.400 Z-2.000 F1200
G0 Z2.000
G0 X8.400 Y-11.400
G1 X7.900 Y-11.400 Z1.333 F200
G1 X7.400 Y-11.400 Z0.667 F200
G1 X6.900 Y-11.400 Z0.000 F200
G1 X6.400 Y-11.400 Z-0.667 F200
G1 X5.900 Y-11.400 Z-1.333 F200
G1 X5.400 Y-11.400 Z-2.000 F200
G1 X3.600 Y-11.400 Z-2.000 F1200
G0 Z2.000
G0 X3.600 Y-12.000
G1 X4.100 Y-12.000 Z1.333 F200
G1 X4.600 Y-12.000 Z0.667 F200
G1 X5.100 Y-12.000 Z0.000 F200
G1 X5.600 Y-12.000 Z-0.667 F200
G1 X6.100 Y-12.000 Z-1.333 F200
G1 X6.600 Y-12.000 Z-2.000 F200
G1 X8.400 Y-12.000 Z-2.000 F1200
G0 Z2.000
G0 X15.720 Y-12.000
G1 X16.220 Y-12.000 Z1.333 F200
G1 X16.720 Y-12.000 Z0.667 F200
G1 X17.220 Y-12.000 Z0.000 F200
G1 X17.720 Y-12.000 Z-0.667 F200
G1 X18.220 Y-12.000 Z-1.333 F200
G1 X18.720 Y-12.000 Z-2.000 F200
G1 X21.000 Y-12.000 Z-2.000 F1200
G0 Z2.000
G0 X20.880 Y-12.600
G1 X20.380 Y-12.600 Z1.333 F200
G1 X19.880 Y-12.600 Z0.667 F200
G1 X19.380 Y-12.600 Z0.000 F200
G1 X18.880 Y-12.600 Z-0.667 F200
G1 X18.380 Y-12.600 Z-1.333 F200
G1 X17.880 Y-12.600 Z-2.000 F200
G1 X15.720 Y-12.600 Z-2.000 F1200
G0 Z2.000
G0 X8.400 Y-12.600
G1 X7.900 Y-12.600 Z1.333 F200
G1 X7.400 Y-12.600 Z0.667 F200
G1 X6.900 Y-12.600 Z0.000 F200
G1 X6.400 Y-12.600 Z-0.667 F200
G1 X5.900 Y-12.600 Z-1.333 F200
G1 X5.400 Y-12.600 Z-2.000 F200
G1 X3.600 Y-12.600 Z-2.000 F1200
G0 Z2.000
G0 X3.600 Y-13.200
G1 X4.100 Y-13.200 Z1.333 F200
G1 X4.600 Y-13.200 Z0.667 F200
G1 X5.100 Y-13.200 Z0.000 F200
G1 X5.600 Y-13.200 Z-0.667 F200
G1 X6.100 Y-13.200 Z-1.333 F200
G1 X6.600 Y-13.200 Z-2.000 F200
G1 X8.400 Y-13.200 Z-2.000 F1200
G0 Z2.000
G0 X15.480 Y-13.200
G1 X15.980 Y-13.200 Z1.333 F200
G1 X16.480 Y-13.200 Z0.667 F200
G1 X16.980 Y-13.200 Z0.000 F200
G1 X17.480 Y-13.200 Z-0.667 F200
G1 X17.980 Y-13.200 Z-1.333 F200
G1 X18.480 Y-13.200 Z-2.000 F200
G1 X20.640 Y-13.200 Z-2.000 F1200
G0 Z2.000
G0 X20.400 Y-13.800
G1 X19.900 Y-13.800 Z1.333 F200
G1 X19.400 Y-13.800 Z0.667 F200
G1 X18.900 Y-13.800 Z0.000 F200
G1 X18.400 Y-13.800 Z-0.667 F200
G1 X17.900 Y-13.800 Z-1.333 F200
G1 X17.400 Y-13.800 Z-2.000 F200
G1 X15.360 Y-13.800 Z-2.000 F1200
G0 Z2.000
G0 X8.400 Y-13.800
G1 X7.900 Y-13.800 Z1.333 F200
G1 X7.400 Y-13.800 Z0.667 F200
G1 X6.900 Y-13.800 Z0.000 F200
G1 X6.400 Y-13.800 Z-0.667 F200
G1 X5.900 Y-13.800 Z-1.333 F200
G1 X5.400 Y-13.800 Z-2.000 F200
G1 X3.600 Y-13.800 Z-2.000 F1200
G0 Z2.000
G0 X3.600 Y-14.400
G1 X4.100 Y-14.400 Z1.333 F200
G1 X4.600 Y-14.400 Z0.667 F200
G1 X5.100 Y-14.400 Z0.000 F200
G1 X5.600 Y-14.400 Z-0.667 F200
G1 X6.100 Y-14.400 Z-1.333 F200
G1 X6.600 Y-14.400 Z-2.000 F200
G1 X8.400 Y-14.400 Z-2.000 F1200
G0 Z2.000
G0 X15.120 Y-14.400
G1 X15.620 Y-14.400 Z1.333 F200
G1 X16.120 Y-14.400 Z0.667 F200
G1 X16.620 Y-14.400 Z0.000 F200
G1 X17.120 Y-14.400 Z-0.667 F200
G1 X17.620 Y-14.400 Z-1.333 F200
G1 X18.120 Y-14.400 Z-2.000 F200
G1 X20.160 Y-14.400 Z-2.000 F1200
G0 Z2.000
G0 X19.800 Y-15.000
G1 X19.300 Y-15.000 Z1.333 F200
G1 X18.800 Y-15.000 Z0.667 F200
G1 X18.300 Y-15.000 Z0.000 F200
G1 X17.800 Y-15.000 Z-0.667 F200
G1 X17.300 Y-15.000 Z-1.333 F200
G1 X16.800 Y-15.000 Z-2.000 F200
G1 X14.880 Y-15.000 Z-2.000 F1200
G0 Z2.000
G0 X8.400 Y-15.000
G1 X7.900 Y-15.000 Z1.333 F200
G1 X7.400 Y-15.000 Z0.667 F200
G1 X6.900 Y-15.000 Z0.000 F200
G1 X6.400 Y-15.000 Z-0.667 F200
G1 X5.900 Y-15.000 Z-1.333 F200
G1 X5.400 Y-15.000 Z-2.000 F200
G1 X3.600 Y-15.000 Z-2.000 F1200
G0 Z2.000
G0 X3.600 Y-15.600
G1 X4.100 Y-15.600 Z1.333 F200
G1 X4.600 Y-15.600 Z0.667 F200
G1 X5.100 Y-15.600 Z0.000 F200
G1 X5.600 Y-15.600 Z-0.667 F200
G1 X6.100 Y-15.600 Z-1.333 F200
G1 X6.600 Y-15.600 Z-2.000 F200
G1 X8.400 Y-15.600 Z-2.000 F1200
G0 Z2.000
G0 X14.400 Y-15.600
G1 X14.900 Y-15.600 Z1.333 F200
G1 X15.400 Y-15.600 Z0.667 F200
G1 X15.900 Y-15.600 Z0.000 F200
G1 X16.400 Y-15.600 Z-0.667 F200
G1 X16.900 Y-15.600 Z-1.333 F200
G1 X17.400 Y-15.600 Z-2.000 F200
G1 X19.320 Y-15.600 Z-2.000 F1200
G0 Z2.000
G0 X18.840 Y-16.200
G1 X18.340 Y-16.200 Z1.333 F200
G1 X17.840 Y-16.200 Z0.667 F200
G1 X17.340 Y-16.200 Z0.000 F200
G1 X16.840 Y-16.200 Z-0.667 F200
G1 X16.340 Y-16.200 Z-1.333 F200
G1 X15.840 Y-16.200 Z-2.000 F200
G1 X13.800 Y-16.200 Z-2.000 F1200
G0 Z2.000
G0 X8.400 Y-16.200
G1 X7.900 Y-16.200 Z1.333 F200
G1 X7.400 Y-16.200 Z0.667 F200
G1 X6.900 Y-16.200 Z0.000 F200
G1 X6.400 Y-16.200 Z-0.667 F200
G1 X5.900 Y-16.200 Z-1.333 F200
G1 X5.400 Y-16.200 Z-2.000 F200
G1 X3.600 Y-16.200 Z-2.000 F1200
G0 Z2.000
G0 X3.600 Y-16.800
G1 X4.100 Y-16.800 Z1.333 F200
G1 X4.600 Y-16.800 Z0.667 F200
G1 X5.100 Y-16.800 Z0.000 F200
G1 X5.600 Y-16.800 Z-0.667 F200
G1 X6.100 Y-16.800 Z-1.333 F200
G1 X6.600 Y-16.800 Z-2.000 F200
G1 X8.400 Y-16.800 Z-2.000 F1200
G0 Z2.000
G0 X12.960 Y-16.800
G1 X13.460 Y-16.800 Z1.333 F200
G1 X13.960 Y-16.800 Z0.667 F200
G1 X14.460 Y-16.800 Z0.000 F200
G1 X14.960 Y-16.800 Z-0.667 F200
G1 X15.460 Y-16.800 Z-1.333 F200
G1 X15.960 Y-16.800 Z-2.000 F200
G1 X18.120 Y-16.800 Z-2.000 F1200
G0 Z2.000
G0 X17.280 Y-17.400
G1 X16.780 Y-17.400 Z1.333 F200
G1 X16.280 Y-17.400 Z0.667 F200
G1 X15.780 Y-17.400 Z0.000 F200
G1 X15.280 Y-17.400 Z-0.667 F200
G1 X14.780 Y-17.400 Z-1.333 F200
G1 X14.280 Y-17.400 Z-2.000 F200
G1 X1.200 Y-17.400 Z-2.000 F1200
G0 Z2.000
G0 X1.200 Y-18.000
G1 X1.700 Y-18.000 Z1.333 F200
G1 X2.200 Y-18.000 Z0.667 F200
G1 X2.700 Y-18.000 Z0.000 F200
G1 X3.200 Y-18.000 Z-0.667 F200
G1 X3.700 Y-18.000 Z-1.333 F200
G1 X4.200 Y-18.000 Z-2.000 F200
G1 X16.080 Y-18.000 Z-2.000 F1200
G0 Z2.000
G0 X14.040 Y-18.600
G1 X13.540 Y-18.600 Z1.333 F200
G1 X13.040 Y-18.600 Z0.667 F200
G1 X12.540 Y-18.600 Z0.000 F200
G1 X12.040 Y-18.600 Z-0.667 F200
G1 X11.540 Y-18.600 Z-1.333 F200
G1 X11.040 Y-18.600 Z-2.000 F200
G1 X1.200 Y-18.600 Z-2.000 F1200
G0 Z2.000
G0 Z2.000
G0 X1.140 Y0.000
G1 X1.140 Y0.000 Z2.000 F200
G1 X1.140 Y-0.120 Z1.000 F200
G1 X1.140 Y-0.240 Z0.000 F200
G1 X1.140 Y-0.360 Z-1.000 F200
G1 X1.140 Y-0.480 Z-2.000 F200
G1 X1.140 Y-0.600 Z-2.000 F1200
G1 X1.140 Y-0.720 Z-2.000 F1200
G1 X1.140 Y-0.840 Z-2.000 F1200
G1 X1.140 Y-0.960 Z-2.000 F1200
G1 X1.140 Y-1.080 Z-2.000 F1200
G1 X1.140 Y-1.200 Z-2.000 F1200
G1 X1.140 Y-1.320 Z-2.000 F1200
G1 X1.140 Y-1.440 Z-2.000 F1200
G1 X1.200 Y-1.500 Z-2.000 F1200
G1 X1.320 Y-1.500 Z-2.000 F1200
G1 X1.440 Y-1.500 Z-2.000 F1200
G1 X1.560 Y-1.500 Z-2.000 F1200
G1 X1.680 Y-1.500 Z-2.000 F1200
G1 X1.800 Y-1.500 Z-2.000 F1200
G1 X1.920 Y-1.500 Z-2.000 F1200
G1 X2.040 Y-1.500 Z-2.000 F1200
G1 X2.160 Y-1.500 Z-2.000 F1200
G1 X2.280 Y-1.500 Z-2.000 F1200
G1 X2.400 Y-1.500 Z-2.000 F1200
G1 X2.520 Y-1.500 Z-2.000 F1200
G1 X2.640 Y-1.500 Z-2.000 F1200
G1 X2.760 Y-1.500 Z-2.000 F1200
G1 X2.880 Y-1.500 Z-2.000 F1200
G1 X3.000 Y-1.500 Z-2.000 F1200
G1 X3.120 Y-1.500 Z-2.000 F1200
G1 X3.240 Y-1.500 Z-2.000 F1200
G1 X3.360 Y-1.500 Z-2.000 F1200
G1 X3.480 Y-1.500 Z-2.000 F1200
G1 X3.540 Y-1.560 Z-2.000 F1200
G1 X3.540 Y-1.680 Z-2.000 F1200
G1 X3.540 Y-1.800 Z-2.000 F1200
G1 X3.540 Y-1.920 Z-2.000 F1200
G1 X3.540 Y-2.040 Z-2.000 F1200
G1 X3.540 Y-2.160 Z-2.000 F1200
G1 X3.540 Y-2.280 Z-2.000 F1200
G1 X3.540 Y-2.400 Z-2.000 F1200
G1 X3.540 Y-2.520 Z-2.000 F1200
G1 X3.540 Y-2.640 Z-2.000 F1200
G1 X3.540 Y-2.760 Z-2.000 F1200
G1 X3.540 Y-2.880 Z-2.000 F1200
G1 X3.540 Y-3.000 Z-2.000 F1200
G1 X3.540 Y-3.120 Z-2.000 F1200
G1 X3.540 Y-3.240 Z-2.000 F1200
G1 X3.540 Y-3.360 Z-2.000 F1200
G1 X3.540 Y-3.480 Z-2.000 F1200
G1 X3.540 Y-3.600 Z-2.000 F1200
G1 X3.540 Y-3.720 Z-2.000 F1200
G1 X3.540 Y-3.840 Z-2.000 F1200
G1 X3.540 Y-3.960 Z-2.000 F1200
G1 X3.540 Y-4.080 Z-2.000 F1200
G1 X3.540 Y-4.200 Z-2.000 F1200
G1 X3.540 Y-4.320 Z-2.000 F1200
G1 X3.540 Y-4.440 Z-2.000 F1200
G1 X3.540 Y-4.560 Z-2.000 F1200
G1 X3.540 Y-4.680 Z-2.000 F1200
G1 X3.540 Y-4.800 Z-2.000 F1200
G1 X3.540 Y-4.920 Z-2.000 F1200
G1 X3.540 Y-5.040 Z-2.000 F1200
G1 X3.540 Y-5.160 Z-2.000 F1200
G1 X3.540 Y-5.280 Z-2.000 F1200
G1 X3.540 Y-5.400 Z-2.000 F1200
G1 X3.540 Y-5.520 Z-2.000 F1200
G1 X3.540 Y-5.640 Z-2.000 F1200
G1 X3.540 Y-5.760 Z-2.000 F1200
G1 X3.540 Y-5.880 Z-2.000 F1200
G1 X3.540 Y-6.000 Z-2.000 F1200
G1 X3.540 Y-6.120 Z-2.000 F1200
G1 X3.540 Y-6.240 Z-2.000 F1200
G1 X3.540 Y-6.360 Z-2.000 F1200
G1 X3.540 Y-6.480 Z-2.000 F1200
G1 X3.540 Y-6.600 Z-2.000 F1200
G1 X3.540 Y-6.720 Z-2.000 F1200
G1 X3.540 Y-6.840 Z-2.000 F1200
G1 X3.540 Y-6.960 Z-2.000 F1200
G1 X3.540 Y-7.080 Z-2.000 F1200
G1 X3.540 Y-7.200 Z-2.000 F1200
G1 X3.540 Y-7.320 Z-2.000 F1200
G1 X3.540 Y-7.440 Z-2.000 F1200
G1 X3.540 Y-7.560 Z-2.000 F1200
G1 X3.540 Y-7.680 Z-2.000 F1200
G1 X3.540 Y-7.800 Z-2.000 F1200
G1 X3.540 Y-7.920 Z-2.000 F1200
G1 X3.540 Y-8.040 Z-2.000 F1200
G1 X3.540 Y-8.160 Z-2.000 F1200
G1 X3.540 Y-8.280 Z-2.000 F1200
G1 X3.540 Y-8.400 Z-2.000 F1200
G1 X3.540 Y-8.520 Z-2.000 F1200
G1 X3.540 Y-8.640 Z-2.000 F1200
G1 X3.540 Y-8.760 Z-2.000 F1200
G1 X3.540 Y-8.880 Z-2.000 F1200
G1 X3.540 Y-9.000 Z-2.000 F1200
G1 X3.540 Y-9.120 Z-2.000 F1200
G1 X3.540 Y-9.240 Z-2.000 F1200
G1 X3.540 Y-9.360 Z-2.000 F1200
G1 X3.540 Y-9.480 Z-2.000 F1200
G1 X3.540 Y-9.600 Z-2.000 F1200
G1 X3.540 Y-9.720 Z-2.000 F1200
G1 X3.540 Y-9.840 Z-2.000 F1200
G1 X3.540 Y-9.960 Z-2.000 F1200
G1 X3.540 Y-10.080 Z-2.000 F1200
G1 X3.540 Y-10.200 Z-2.000 F1200
G1 X3.540 Y-10.320 Z-2.000 F1200
G1 X3.540 Y-10.440 Z-2.000 F1200
G1 X3.540 Y-10.560 Z-2.000 F1200
G1 X3.540 Y-10.680 Z-2.000 F1200
G1 X3.540 Y-10.800 Z-2.000 F1200
G1 X3.540 Y-10.920 Z-2.000 F1200
G1 X3.540 Y-11.040 Z-2.000 F1200
G1 X3.540 Y-11.160 Z-2.000 F1200
G1 X3.540 Y-11.280 Z-2.000 F1200
G1 X3.540 Y-11.400 Z-2.000 F1200
G1 X3.540 Y-11.520 Z-2.000 F1200
G1 X3.540 Y-11.640 Z-2.000 F1200
G1 X3.540 Y-11.760 Z-2.000 F1200
G1 X3.540 Y-11.880 Z-2.000 F1200
G1 X3.540 Y-12.000 Z-2.000 F1200
G1 X3.540 Y-12.120 Z-2.000 F1200
G1 X3.540 Y-12.240 Z-2.000 F1200
G1 X3.540 Y-12.360 Z-2.000 F1200
G1 X3.540 Y-12.480 Z-2.000 F1200
G1 X3.540 Y-12.600 Z-2.000 F1200
G1 X3.540 Y-12.720 Z-2.000 F1200
G1 X3.540 Y-12.840 Z-2.000 F1200
G1 X3.540 Y-12.960 Z-2.000 F1200
G1 X3.540 Y-13.080 Z-2.000 F1200
G1 X3.540 Y-13.200 Z-2.000 F1200
G1 X3.540 Y-13.320 Z-2.000 F1200
G1 X3.540 Y-13.440 Z-2.000 F1200
G1 X3.540 Y-13.560 Z-2.000 F1200
G1 X3.540 Y-13.680 Z-2.000 F1200
G1 X3.540 Y-13.800 Z-2.000 F1200
G1 X3.540 Y-13.920 Z-2.000 F1200
G1 X3.540 Y-14.040 Z-2.000 F1200
G1 X3.540 Y-14.160 Z-2.000 F1200
G1 X3.540 Y-14.280 Z-2.000 F1200
G1 X3.540 Y-14.400 Z-2.000 F1200
G1 X3.540 Y-14.520 Z-2.000 F1200
G1 X3.540 Y-14.640 Z-2.000 F1200
G1 X3.540 Y-14.760 Z-2.000 F1200
G1 X3.540 Y-14.880 Z-2.000 F1200
G1 X3.540 Y-15.000 Z-2.000 F1200
G1 X3.540 Y-15.120 Z-2.000 F1200
G1 X3.540 Y-15.240 Z-2.000 F1200
G1 X3.540 Y-15.360 Z-2.000 F1200
G1 X3.540 Y-15.480 Z-2.000 F1200
G1 X3.540 Y-15.600 Z-2.000 F1200
G1 X3.540 Y-15.720 Z-2.000 F1200
G1 X3.540 Y-15.840 Z-2.000 F1200
G1 X3.540 Y-15.960 Z-2.000 F1200
G1 X3.540 Y-16.080 Z-2.000 F1200
G1 X3.540 Y-16.200 Z-2.000 F1200
G1 X3.540 Y-16.320 Z-2.000 F1200
G1 X3.540 Y-16.440 Z-2.000 F1200
G1 X3.540 Y-16.560 Z-2.000 F1200
G1 X3.540 Y-16.680 Z-2.000 F1200
G1 X3.540 Y-16.800 Z-2.000 F1200
G1 X3.540 Y-16.920 Z-2.000 F1200
G1 X3.540 Y-17.040 Z-2.000 F1200
G1 X3.540 Y-17.160 Z-2.000 F1200
G1 X3.540 Y-17.280 Z-2.000 F1200
G1 X3.480 Y-17.340 Z-2.000 F1200
G1 X3.360 Y-17.340 Z-2.000 F1200
G1 X3.240 Y-17.340 Z-2.000 F1200
G1 X3.120 Y-17.340 Z-2.000 F1200
G1 X3.000 Y-17.340 Z-2.000 F1200
G1 X2.880 Y-17.340 Z-2.000 F1200
G1 X2.760 Y-17.340 Z-2.000 F1200
G1 X2.640 Y-17.340 Z-2.000 F1200
G1 X2.520 Y-17.340 Z-2.000 F1200
G1 X2.400 Y-17.340 Z-2.000 F1200
G1 X2.280 Y-17.340 Z-2.000 F1200
G1 X2.160 Y-17.340 Z-2.000 F1200
G1 X2.040 Y-17.340 Z-2.000 F1200
G1 X1.920 Y-17.340 Z-2.000 F1200
G1 X1.800 Y-17.340 Z-2.000 F1200
G1 X1.680 Y-17.340 Z-2.000 F1200
G1 X1.560 Y-17.340 Z-2.000 F1200
G1 X1.440 Y-17.340 Z-2.000 F1200
G1 X1.320 Y-17.340 Z-2.000 F1200
G1 X1.200 Y-17.340 Z-2.000 F1200
G1 X1.140 Y-17.400 Z-2.000 F1200
G1 X1.140 Y-17.520 Z-2.000 F1200
G1 X1.140 Y-17.640 Z-2.000 F1200
G1 X1.140 Y-17.760 Z-2.000 F1200
G1 X1.140 Y-17.880 Z-2.000 F1200
G1 X1.140 Y-18.000 Z-2.000 F1200
G1 X1.140 Y-18.120 Z-2.000 F1200
G1 X1.140 Y-18.240 Z-2.000 F1200
G1 X1.140 Y-18.360 Z-2.000 F1200
G1 X1.140 Y-18.480 Z-2.000 F1200
G1 X1.140 Y-18.600 Z-2.000 F1200
G1 X1.140 Y-18.720 Z-2.000 F1200
G1 X1.140 Y-18.840 Z-2.000 F1200
G0 Z2.000
G0 X8.460 Y-1.560
G1 X8.460 Y-1.560 Z2.000 F200
G1 X8.520 Y-1.500 Z1.000 F200
G1 X8.640 Y-1.500 Z0.000 F200
G1 X8.760 Y-1.500 Z-1.000 F200
G1 X8.880 Y-1.500 Z-2.000 F200
G1 X9.000 Y-1.500 Z-2.000 F1200
G1 X9.120 Y-1.500 Z-2.000 F1200
G1 X9.240 Y-1.500 Z-2.000 F1200
G1 X9.360 Y-1.500 Z-2.000 F1200
G1 X9.480 Y-1.500 Z-2.000 F1200
G1 X9.600 Y-1.500 Z-2.000 F1200
G1 X9.720 Y-1.500 Z-2.000 F1200
G1 X9.840 Y-1.500 Z-2.000 F1200
G1 X9.960 Y-1.500 Z-2.000 F1200
G1 X10.080 Y-1.500 Z-2.000 F1200
G1 X10.200 Y-1.500 Z-2.000 F1200
G1 X10.320 Y-1.500 Z-2.000 F1200
G1 X10.440 Y-1.500 Z-2.000 F1200
G1 X10.560 Y-1.500 Z-2.000 F1200
G1 X10.680 Y-1.500 Z-2.000 F1200
G1 X10.800 Y-1.500 Z-2.000 F1200
G1 X10.920 Y-1.500 Z-2.000 F1200
G1 X11.040 Y-1.500 Z-2.000 F1200
G1 X11.100 Y-1.560 Z-2.000 F1200
G1 X11.160 Y-1.620 Z-2.000 F1200
G1 X11.280 Y-1.620 Z-2.000 F1200
G1 X11.400 Y-1.620 Z-2.000 F1200
G1 X11.520 Y-1.620 Z-2.000 F1200
G1 X11.640 Y-1.620 Z-2.000 F1200
G1 X11.760 Y-1.620 Z-2.000 F1200
G1 X11.820 Y-1.680 Z-2.000 F1200
G1 X11.880 Y-1.740 Z-2.000 F1200
G1 X12.000 Y-1.740 Z-2.000 F1200
G1 X12.120 Y-1.740 Z-2.000 F1200
G1 X12.240 Y-1.740 Z-2.000 F1200
G1 X12.300 Y-1.800 Z-2.000 F1200
G1 X12.360 Y-1.860 Z-2.000 F1200
G1 X12.480 Y-1.860 Z-2.000 F1200
G1 X12.600 Y-1.860 Z-2.000 F1200
G1 X12.660 Y-1.920 Z-2.000 F1200
G1 X12.720 Y-1.980 Z-2.000 F1200
G1 X12.840 Y-1.980 Z-2.000 F1200
G1 X12.900 Y-2.040 Z-2.000 F1200
G1 X12.960 Y-2.100 Z-2.000 F1200
G1 X13.080 Y-2.100 Z-2.000 F1200
G1 X13.140 Y-2.160 Z-2.000 F1200
G1 X13.200 Y-2.220 Z-2.000 F1200
G1 X13.260 Y-2.280 Z-2.000 F1200
G1 X13.320 Y-2.340 Z-2.000 F1200
G1 X13.440 Y-2.340 Z-2.000 F1200
G1 X13.500 Y-2.400 Z-2.000 F1200
G1 X13.560 Y-2.460 Z-2.000 F1200
G1 X13.620 Y-2.520 Z-2.000 F1200
G1 X13.680 Y-2.580 Z-2.000 F1200
G1 X13.800 Y-2.580 Z-2.000 F1200
G1 X13.860 Y-2.640 Z-2.000 F1200
G1 X13.920 Y-2.700 Z-2.000 F1200
G1 X13.980 Y-2.760 Z-2.000 F1200
G1 X14.040 Y-2.820 Z-2.000 F1200
G1 X14.100 Y-2.880 Z-2.000 F1200
G1 X14.160 Y-2.940 Z-2.000 F1200
G1 X14.220 Y-3.000 Z-2.000 F1200
G1 X14.280 Y-3.060 Z-2.000 F1200
G1 X14.340 Y-3.120 Z-2.000 F1200
G1 X14.340 Y-3.240 Z-2.000 F1200
G1 X14.400 Y-3.300 Z-2.000 F1200
G1 X14.460 Y-3.360 Z-2.000 F1200
G1 X14.520 Y-3.420 Z-2.000 F1200
G1 X14.580 Y-3.480 Z-2.000 F1200
G1 X14.640 Y-3.540 Z-2.000 F1200
G1 X14.700 Y-3.600 Z-2.000 F1200
G1 X14.700 Y-3.720 Z-2.000 F1200
G1 X14.760 Y-3.780 Z-2.000 F1200
G1 X14.820 Y-3.840 Z-2.000 F1200
G1 X14.820 Y-3.960 Z-2.000 F1200
G1 X14.880 Y-4.020 Z-2.000 F1200
G1 X14.940 Y-4.080 Z-2.000 F1200
G1 X14.940 Y-4.200 Z-2.000 F1200
G1 X15.000 Y-4.260 Z-2.000 F1200
G1 X15.060 Y-4.320 Z-2.000 F1200
G1 X15.060 Y-4.440 Z-2.000 F1200
G1 X15.120 Y-4.500 Z-2.000 F1200
G1 X15.180 Y-4.560 Z-2.000 F1200
G1 X15.180 Y-4.680 Z-2.000 F1200
G1 X15.180 Y-4.800 Z-2.000 F1200
G1 X15.240 Y-4.860 Z-2.000 F1200
G1 X15.300 Y-4.920 Z-2.000 F1200
G1 X15.300 Y-5.040 Z-2.000 F1200
G1 X15.300 Y-5.160 Z-2.000 F1200
G1 X15.360 Y-5.220 Z-2.000 F1200
G1 X15.420 Y-5.280 Z-2.000 F1200
G1 X15.420 Y-5.400 Z-2.000 F1200
G1 X15.420 Y-5.520 Z-2.000 F1200
G1 X15.420 Y-5.640 Z-2.000 F1200
G1 X15.480 Y-5.700 Z-2.000 F1200
G1 X15.540 Y-5.760 Z-2.000 F1200
G1 X15.540 Y-5.880 Z-2.000 F1200
G1 X15.540 Y-6.000 Z-2.000 F1200
G1 X15.540 Y-6.120 Z-2.000 F1200
G1 X15.600 Y-6.180 Z-2.000 F1200
G1 X15.660 Y-6.240 Z-2.000 F1200
G1 X15.660 Y-6.360 Z-2.000 F1200
G1 X15.660 Y-6.480 Z-2.000 F1200
G1 X15.660 Y-6.600 Z-2.000 F1200
G1 X15.660 Y-6.720 Z-2.000 F1200
G1 X15.660 Y-6.840 Z-2.000 F1200
G1 X15.720 Y-6.900 Z-2.000 F1200
G1 X15.780 Y-6.960 Z-2.000 F1200
G1 X15.780 Y-7.080 Z-2.000 F1200
G1 X15.780 Y-7.200 Z-2.000 F1200
G1 X15.780 Y-7.320 Z-2.000 F1200
G1 X15.780 Y-7.440 Z-2.000 F1200
G1 X15.780 Y-7.560 Z-2.000 F1200
G1 X15.780 Y-7.680 Z-2.000 F1200
G1 X15.780 Y-7.800 Z-2.000 F1200
G1 X15.780 Y-7.920 Z-2.000 F1200
G1 X15.780 Y-8.040 Z-2.000 F1200
G1 X15.780 Y-8.160 Z-2.000 F1200
G1 X15.840 Y-8.220 Z-2.000 F1200
G1 X15.900 Y-8.280 Z-2.000 F1200
G1 X15.900 Y-8.400 Z-2.000 F1200
G1 X15.900 Y-8.520 Z-2.000 F1200
G1 X15.900 Y-8.640 Z-2.000 F1200
G1 X15.900 Y-8.760 Z-2.000 F1200
G1 X15.900 Y-8.880 Z-2.000 F1200
G1 X15.900 Y-9.000 Z-2.000 F1200
G1 X15.900 Y-9.120 Z-2.000 F1200
G1 X15.900 Y-9.240 Z-2.000 F1200
G1 X15.900 Y-9.360 Z-2.000 F1200
G1 X15.900 Y-9.480 Z-2.000 F1200
G1 X15.900 Y-9.600 Z-2.000 F1200
G1 X15.900 Y-9.720 Z-2.000 F1200
G1 X15.900 Y-9.840 Z-2.000 F1200
G1 X15.900 Y-9.960 Z-2.000 F1200
G1 X15.900 Y-10.080 Z-2.000 F1200
G1 X15.900 Y-10.200 Z-2.000 F1200
G1 X15.900 Y-10.320 Z-2.000 F1200
G1 X15.900 Y-10.440 Z-2.000 F1200
G1 X15.900 Y-10.560 Z-2.000 F1200
G1 X15.840 Y-10.620 Z-2.000 F1200
G1 X15.780 Y-10.680 Z-2.000 F1200
G1 X15.780 Y-10.800 Z-2.000 F1200
G1 X15.780 Y-10.920 Z-2.000 F1200
G1 X15.780 Y-11.040 Z-2.000 F1200
G1 X15.780 Y-11.160 Z-2.000 F1200
G1 X15.780 Y-11.280 Z-2.000 F1200
G1 X15.780 Y-11.400 Z-2.000 F1200
G1 X15.780 Y-11.520 Z-2.000 F1200
G1 X15.780 Y-11.640 Z-2.000 F1200
G1 X15.780 Y-11.760 Z-2.000 F1200
G1 X15.780 Y-11.880 Z-2.000 F1200
G1 X15.720 Y-11.940 Z-2.000 F1200
G1 X15.660 Y-12.000 Z-2.000 F1200
G1 X15.660 Y-12.120 Z-2.000 F1200
G1 X15.660 Y-12.240 Z-2.000 F1200
G1 X15.660 Y-12.360 Z-2.000 F1200
G1 X15.660 Y-12.480 Z-2.000 F1200
G1 X15.660 Y-12.600 Z-2.000 F1200
G1 X15.600 Y-12.660 Z-2.000 F1200
G1 X15.540 Y-12.720 Z-2.000 F1200
G1 X15.540 Y-12.840 Z-2.000 F1200
G1 X15.540 Y-12.960 Z-2.000 F1200
G1 X15.540 Y-13.080 Z-2.000 F1200
G1 X15.480 Y-13.140 Z-2.000 F1200
G1 X15.420 Y-13.200 Z-2.000 F1200
G1 X15.420 Y-13.320 Z-2.000 F1200
G1 X15.420 Y-13.440 Z-2.000 F1200
G1 X15.420 Y-13.560 Z-2.000 F1200
G1 X15.360 Y-13.620 Z-2.000 F1200
G1 X15.300 Y-13.680 Z-2.000 F1200
G1 X15.300 Y-13.800 Z-2.000 F1200
G1 X15.300 Y-13.920 Z-2.000 F1200
G1 X15.240 Y-13.980 Z-2.000 F1200
G1 X15.180 Y-14.040 Z-2.000 F1200
G1 X15.180 Y-14.160 Z-2.000 F1200
G1 X15.180 Y-14.280 Z-2.000 F1200
G1 X15.120 Y-14.340 Z-2.000 F1200
G1 X15.060 Y-14.400 Z-2.000 F1200
G1 X15.060 Y-14.520 Z-2.000 F1200
G1 X15.000 Y-14.580 Z-2.000 F1200
G1 X14.940 Y-14.640 Z-2.000 F1200
G1 X14.940 Y-14.760 Z-2.000 F1200
G1 X14.880 Y-14.820 Z-2.000 F1200
G1 X14.820 Y-14.880 Z-2.000 F1200
G1 X14.820 Y-15.000 Z-2.000 F1200
G1 X14.760 Y-15.060 Z-2.000 F1200
G1 X14.700 Y-15.120 Z-2.000 F1200
G1 X14.640 Y-15.180 Z-2.000 F1200
G1 X14.580 Y-15.240 Z-2.000 F1200
G1 X14.580 Y-15.360 Z-2.000 F1200
G1 X14.520 Y-15.420 Z-2.000 F1200
G1 X14.460 Y-15.480 Z-2.000 F1200
G1 X14.400 Y-15.540 Z-2.000 F1200
G1 X14.340 Y-15.600 Z-2.000 F1200
G1 X14.280 Y-15.660 Z-2.000 F1200
G1 X14.220 Y-15.720 Z-2.000 F1200
G1 X14.220 Y-15.840 Z-2.000 F1200
G1 X14.160 Y-15.900 Z-2.000 F1200
G1 X14.100 Y-15.960 Z-2.000 F1200
G1 X14.040 Y-16.020 Z-2.000 F1200
G1 X13.980 Y-16.080 Z-2.000 F1200
G1 X13.920 Y-16.140 Z-2.000 F1200
G1 X13.800 Y-16.140 Z-2.000 F1200
G1 X13.740 Y-16.200 Z-2.000 F1200
G1 X13.680 Y-16.260 Z-2.000 F1200
G1 X13.620 Y-16.320 Z-2.000 F1200
G1 X13.560 Y-16.380 Z-2.000 F1200
G1 X13.500 Y-16.440 Z-2.000 F1200
G1 X13.440 Y-16.500 Z-2.000 F1200
G1 X13.320 Y-16.500 Z-2.000 F1200
G1 X13.260 Y-16.560 Z-2.000 F1200
G1 X13.200 Y-16.620 Z-2.000 F1200
G1 X13.140 Y-16.680 Z-2.000 F1200
G1 X13.080 Y-16.740 Z-2.000 F1200
G1 X12.960 Y-16.740 Z-2.000 F1200
G1 X12.900 Y-16.800 Z-2.000 F1200
G1 X12.840 Y-16.860 Z-2.000 F1200
G1 X12.720 Y-16.860 Z-2.000 F1200
G1 X12.600 Y-16.860 Z-2.000 F1200
G1 X12.540 Y-16.920 Z-2.000 F1200
G1 X12.480 Y-16.980 Z-2.000 F1200
G1 X12.360 Y-16.980 Z-2.000 F1200
G1 X12.300 Y-17.040 Z-2.000 F1200
G1 X12.240 Y-17.100 Z-2.000 F1200
G1 X12.120 Y-17.100 Z-2.000 F1200
G1 X12.000 Y-17.100 Z-2.000 F1200
G1 X11.880 Y-17.100 Z-2.000 F1200
G1 X11.820 Y-17.160 Z-2.000 F1200
G1 X11.760 Y-17.220 Z-2.000 F1200
G1 X11.640 Y-17.220 Z-2.000 F1200
G1 X11.520 Y-17.220 Z-2.000 F1200
G1 X11.400 Y-17.220 Z-2.000 F1200
G1 X11.280 Y-17.220 Z-2.000 F1200
G1 X11.160 Y-17.220 Z-2.000 F1200
G1 X11.100 Y-17.280 Z-2.000 F1200
G1 X11.040 Y-17.340 Z-2.000 F1200
G1 X10.920 Y-17.340 Z-2.000 F1200
G1 X10.800 Y-17.340 Z-2.000 F1200
G1 X10.680 Y-17.340 Z-2.000 F1200
G1 X10.560 Y-17.340 Z-2.000 F1200
G1 X10.440 Y-17.340 Z-2.000 F1200
G1 X10.320 Y-17.340 Z-2.000 F1200
G1 X10.200 Y-17.340 Z-2.000 F1200
G1 X10.080 Y-17.340 Z-2.000 F1200
G1 X9.960 Y-17.340 Z-2.000 F1200
G1 X9.840 Y-17.340 Z-2.000 F1200
G1 X9.720 Y-17.340 Z-2.000 F1200
G1 X9.600 Y-17.340 Z-2.000 F1200
G1 X9.480 Y-17.340 Z-2.000 F1200
G1 X9.360 Y-17.340 Z-2.000 F1200
G1 X9.240 Y-17.340 Z-2.000 F1200
G1 X9.120 Y-17.340 Z-2.000 F1200
G1 X9.000 Y-17.340 Z-2.000 F1200
G1 X8.880 Y-17.340 Z-2.000 F1200
G1 X8.760 Y-17.340 Z-2.000 F1200
G1 X8.640 Y-17.340 Z-2.000 F1200
G1 X8.520 Y-17.340 Z-2.000 F1200
G1 X8.460 Y-17.280 Z-2.000 F1200
G1 X8.460 Y-17.160 Z-2.000 F1200
G1 X8.460 Y-17.040 Z-2.000 F1200
G1 X8.460 Y-16.920 Z-2.000 F1200
G1 X8.460 Y-16.800 Z-2.000 F1200
G1 X8.460 Y-16.680 Z-2.000 F1200
G1 X8.460 Y-16.560 Z-2.000 F1200
G1 X8.460 Y-16.440 Z-2.000 F1200
G1 X8.460 Y-16.320 Z-2.000 F1200
G1 X8.460 Y-16.200 Z-2.000 F1200
G1 X8.460 Y-16.080 Z-2.000 F1200
G1 X8.460 Y-15.960 Z-2.000 F1200
G1 X8.460 Y-15.840 Z-2.000 F1200
G1 X8.460 Y-15.720 Z-2.000 F1200
G1 X8.460 Y-15.600 Z-2.000 F1200
G1 X8.460 Y-15.480 Z-2.000 F1200
G1 X8.460 Y-15.360 Z-2.000 F1200
G1 X8.460 Y-15.240 Z-2.000 F1200
G1 X8.460 Y-15.120 Z-2.000 F1200
G1 X8.460 Y-15.000 Z-2.000 F1200
G1 X8.460 Y-14.880 Z-2.000 F1200
G1 X8.460 Y-14.760 Z-2.000 F1200
G1 X8.460 Y-14.640 Z-2.000 F1200
G1 X8.460 Y-14.520 Z-2.000 F1200
G1 X8.460 Y-14.400 Z-2.000 F1200
G1 X8.460 Y-14.280 Z-2.000 F1200
G1 X8.460 Y-14.160 Z-2.000 F1200
G1 X8.460 Y-14.040 Z-2.000 F1200
G1 X8.460 Y-13.920 Z-2.000 F1200
G1 X8.460 Y-13.800 Z-2.000 F1200
G1 X8.460 Y-13.680 Z-2.000 F1200
G1 X8.460 Y-13.560 Z-2.000 F1200
G1 X8.460 Y-13.440 Z-2.000 F1200
G1 X8.460 Y-13.320 Z-2.000 F1200
G1 X8.460 Y-13.200 Z-2.000 F1200
G1 X8.460 Y-13.080 Z-2.000 F1200
G1 X8.460 Y-12.960 Z-2.000 F1200
G1 X8.460 Y-12.840 Z-2.000 F1200
G1 X8.460 Y-12.720 Z-2.000 F1200
G1 X8.460 Y-12.600 Z-2.000 F1200
G1 X8.460 Y-12.480 Z-2.000 F1200
G1 X8.460 Y-12.360 Z-2.000 F1200
G1 X8.460 Y-12.240 Z-2.000 F1200
G1 X8.460 Y-12.120 Z-2.000 F1200
G1 X8.460 Y-12.000 Z-2.000 F1200
G1 X8.460 Y-11.880 Z-2.000 F1200
G1 X8.460 Y-11.760 Z-2.000 F1200
G1 X8.460 Y-11.640 Z-2.000 F1200
G1 X8.460 Y-11.520 Z-2.000 F1200
G1 X8.460 Y-11.400 Z-2.000 F1200
G1 X8.460 Y-11.280 Z-2.000 F1200
G1 X8.460 Y-11.160 Z-2.000 F1200
G1 X8.460 Y-11.040 Z-2.000 F1200
G1 X8.460 Y-10.920 Z-2.000 F1200
G1 X8.460 Y-10.800 Z-2.000 F1200
G1 X8.460 Y-10.680 Z-2.000 F1200
G1 X8.460 Y-10.560 Z-2.000 F1200
G1 X8.460 Y-10.440 Z-2.000 F1200
G1 X8.460 Y-10.320 Z-2.000 F1200
G1 X8.460 Y-10.200 Z-2.000 F1200
G1 X8.460 Y-10.080 Z-2.000 F1200
G1 X8.460 Y-9.960 Z-2.000 F1200
G1 X8.460 Y-9.840 Z-2.000 F1200
G1 X8.460 Y-9.720 Z-2.000 F1200
G1 X8.460 Y-9.600 Z-2.000 F1200
G1 X8.460 Y-9.480 Z-2.000 F1200
G1 X8.460 Y-9.360 Z-2.000 F1200
G1 X8.460 Y-9.240 Z-2.000 F1200
G1 X8.460 Y-9.120 Z-2.000 F1200
G1 X8.460 Y-9.000 Z-2.000 F1200
G1 X8.460 Y-8.880 Z-2.000 F1200
G1 X8.460 Y-8.760 Z-2.000 F1200
G1 X8.460 Y-8.640 Z-2.000 F1200
G1 X8.460 Y-8.520 Z-2.000 F1200
G1 X8.460 Y-8.400 Z-2.000 F1200
G1 X8.460 Y-8.280 Z-2.000 F1200
G1 X8.460 Y-8.160 Z-2.000 F1200
G1 X8.460 Y-8.040 Z-2.000 F1200
G1 X8.460 Y-7.920 Z-2.000 F1200
G1 X8.460 Y-7.800 Z-2.000 F1200
G1 X8.460 Y-7.680 Z-2.000 F1200
G1 X8.460 Y-7.560 Z-2.000 F1200
G1 X8.460 Y-7.440 Z-2.000 F1200
G1 X8.460 Y-7.320 Z-2.000 F1200
G1 X8.460 Y-7.200 Z-2.000 F1200
G1 X8.460 Y-7.080 Z-2.000 F1200
G1 X8.460 Y-6.960 Z-2.000 F1200
G1 X8.460 Y-6.840 Z-2.000 F1200
G1 X8.460 Y-6.720 Z-2.000 F1200
G1 X8.460 Y-6.600 Z-2.000 F1200
G1 X8.460 Y-6.480 Z-2.000 F1200
G1 X8.460 Y-6.360 Z-2.000 F1200
G1 X8.460 Y-6.240 Z-2.000 F1200
G1 X8.460 Y-6.120 Z-2.000 F1200
G1 X8.460 Y-6.000 Z-2.000 F1200
G1 X8.460 Y-5.880 Z-2.000 F1200
G1 X8.460 Y-5.760 Z-2.000 F1200
G1 X8.460 Y-5.640 Z-2.000 F1200
G1 X8.460 Y-5.520 Z-2.000 F1200
G1 X8.460 Y-5.400 Z-2.000 F1200
G1 X8.460 Y-5.280 Z-2.000 F1200
G1 X8.460 Y-5.160 Z-2.000 F1200
G1 X8.460 Y-5.040 Z-2.000 F1200
G1 X8.460 Y-4.920 Z-2.000 F1200
G1 X8.460 Y-4.800 Z-2.000 F1200
G1 X8.460 Y-4.680 Z-2.000 F1200
G1 X8.460 Y-4.560 Z-2.000 F1200
G1 X8.460 Y-4.440 Z-2.000 F1200
G1 X8.460 Y-4.320 Z-2.000 F1200
G1 X8.460 Y-4.200 Z-2.000 F1200
G1 X8.460 Y-4.080 Z-2.000 F1200
G1 X8.460 Y-3.960 Z-2.000 F1200
G1 X8.460 Y-3.840 Z-2.000 F1200
G1 X8.460 Y-3.720 Z-2.000 F1200
G1 X8.460 Y-3.600 Z-2.000 F1200
G1 X8.460 Y-3.480 Z-2.000 F1200
G1 X8.460 Y-3.360 Z-2.000 F1200
G1 X8.460 Y-3.240 Z-2.000 F1200
G1 X8.460 Y-3.120 Z-2.000 F1200
G1 X8.460 Y-3.000 Z-2.000 F1200
G1 X8.460 Y-2.880 Z-2.000 F1200
G1 X8.460 Y-2.760 Z-2.000 F1200
G1 X8.460 Y-2.640 Z-2.000 F1200
G1 X8.460 Y-2.520 Z-2.000 F1200
G1 X8.460 Y-2.400 Z-2.000 F1200
G1 X8.460 Y-2.280 Z-2.000 F1200
G1 X8.460 Y-2.160 Z-2.000 F1200
G1 X8.460 Y-2.040 Z-2.000 F1200
G1 X8.460 Y-1.920 Z-2.000 F1200
G1 X8.460 Y-1.800 Z-2.000 F1200
G1 X8.460 Y-1.680 Z-2.000 F1200
G1 X8.460 Y-1.560 Z-2.000 F1200
(--- glyph 1 ---)
G0 Z2.000
G0 Z2.000
G0 X9.540 Y-21.600
G1 X10.040 Y-21.600 Z1.333 F200
G1 X10.540 Y-21.600 Z0.667 F200
G1 X11.040 Y-21.600 Z0.000 F200
G1 X11.540 Y-21.600 Z-0.667 F200
G1 X12.040 Y-21.600 Z-1.333 F200
G1 X12.540 Y-21.600 Z-2.000 F200
G1 X12.540 Y-21.600 Z-2.000 F1200
G0 Z2.000
G0 X12.780 Y-22.200
G1 X12.280 Y-22.200 Z1.333 F200
G1 X11.780 Y-22.200 Z0.667 F200
G1 X11.280 Y-22.200 Z0.000 F200
G1 X10.780 Y-22.200 Z-0.667 F200
G1 X10.280 Y-22.200 Z-1.333 F200
G1 X9.780 Y-22.200 Z-2.000 F200
G1 X9.300 Y-22.200 Z-2.000 F1200
G0 Z2.000
G0 X9.060 Y-22.800
G1 X9.560 Y-22.800 Z1.333 F200
G1 X10.060 Y-22.800 Z0.667 F200
G1 X10.560 Y-22.800 Z0.000 F200
G1 X11.060 Y-22.800 Z-0.667 F200
G1 X11.560 Y-22.800 Z-1.333 F200
G1 X12.060 Y-22.800 Z-2.000 F200
G1 X13.020 Y-22.800 Z-2.000 F1200
G0 Z2.000
G0 X13.260 Y-23.400
G1 X12.760 Y-23.400 Z1.333 F200
G1 X12.260 Y-23.400 Z0.667 F200
G1 X11.760 Y-23.400 Z0.000 F200
G1 X11.260 Y-23.400 Z-0.667 F200
G1 X10.760 Y-23.400 Z-1.333 F200
G1 X10.260 Y-23.400 Z-2.000 F200
G1 X8.820 Y-23.400 Z-2.000 F1200
G0 Z2.000
G0 X8.580 Y-24.000
G1 X9.080 Y-24.000 Z1.333 F200
G1 X9.580 Y-24.000 Z0.667 F200
G1 X10.080 Y-24.000 Z0.000 F200
G1 X10.580 Y-24.000 Z-0.667 F200
G1 X11.080 Y-24.000 Z-1.333 F200
G1 X11.580 Y-24.000 Z-2.000 F200
G1 X13.500 Y-24.000 Z-2.000 F1200
G0 Z2.000
G0 X13.740 Y-24.600
G1 X13.240 Y-24.600 Z1.333 F200
G1 X12.740 Y-24.600 Z0.667 F200
G1 X12.240 Y-24.600 Z0.000 F200
G1 X11.740 Y-24.600 Z-0.667 F200
G1 X11.240 Y-24.600 Z-1.333 F200
G1 X10.740 Y-24.600 Z-2.000 F200
G1 X8.340 Y-24.600 Z-2.000 F1200
G0 Z2.000
G0 X8.100 Y-25.200
G1 X8.600 Y-25.200 Z1.333 F200
G1 X9.100 Y-25.200 Z0.667 F200
G1 X9.600 Y-25.200 Z0.000 F200
G1 X10.100 Y-25.200 Z-0.667 F200
G1 X10.600 Y-25.200 Z-1.333 F200
G1 X11.100 Y-25.200 Z-2.000 F200
G1 X13.980 Y-25.200 Z-2.000 F1200
G0 Z2.000
G0 X14.220 Y-25.800
G1 X13.720 Y-25.800 Z1.333 F200
G1 X13.220 Y-25.800 Z0.667 F200
G1 X12.720 Y-25.800 Z0.000 F200
G1 X12.220 Y-25.800 Z-0.667 F200
G1 X11.720 Y-25.800 Z-1.333 F200
G1 X11.220 Y-25.800 Z-2.000 F200
G1 X7.860 Y-25.800 Z-2.000 F1200
G0 Z2.000
G0 X7.620 Y-26.400
G1 X8.120 Y-26.400 Z1.333 F200
G1 X8.620 Y-26.400 Z0.667 F200
G1 X9.120 Y-26.400 Z0.000 F200
G1 X9.620 Y-26.400 Z-0.667 F200
G1 X10.120 Y-26.400 Z-1.333 F200
G1 X10.620 Y-26.400 Z-2.000 F200
G1 X14.460 Y-26.400 Z-2.000 F1200
G0 Z2.000
G0 X14.700 Y-27.000
G1 X14.200 Y-27.000 Z1.333 F200
G1 X13.700 Y-27.000 Z0.667 F200
G1 X13.200 Y-27.000 Z0.000 F200
G1 X12.700 Y-27.000 Z-0.667 F200
G1 X12.200 Y-27.000 Z-1.333 F200
G1 X11.700 Y-27.000 Z-2.000 F200
G1 X9.780 Y-27.000 Z-2.000 F1200
G0 Z2.000
G0 X9.060 Y-27.000
G1 X8.780 Y-27.000 Z1.333 F200
G1 X8.500 Y-27.000 Z0.667 F200
G1 X8.220 Y-27.000 Z0.000 F200
G1 X7.940 Y-27.000 Z-0.667 F200
G1 X7.660 Y-27.000 Z-1.333 F200
G1 X7.380 Y-27.000 Z-2.000 F200
G1 X7.380 Y-27.000 Z-2.000 F1200
G0 Z2.000
G0 X7.140 Y-27.600
G1 X7.420 Y-27.600 Z1.333 F200
G1 X7.700 Y-27.600 Z0.667 F200
G1 X7.980 Y-27.600 Z0.000 F200
G1 X8.260 Y-27.600 Z-0.667 F200
G1 X8.540 Y-27.600 Z-1.333 F200
G1 X8.820 Y-27.600 Z-2.000 F200
G1 X8.820 Y-27.600 Z-2.000 F1200
G0 Z2.000
G0 X10.020 Y-27.600
G1 X10.520 Y-27.600 Z1.333 F200
G1 X11.020 Y-27.600 Z0.667 F200
G1 X11.520 Y-27.600 Z0.000 F200
G1 X12.020 Y-27.600 Z-0.667 F200
G1 X12.520 Y-27.600 Z-1.333 F200
G1 X13.020 Y-27.600 Z-2.000 F200
G1 X14.940 Y-27.600 Z-2.000 F1200
G0 Z2.000
G0 X15.180 Y-28.200
G1 X14.680 Y-28.200 Z1.333 F200
G1 X14.180 Y-28.200 Z0.667 F200
G1 X13.680 Y-28.200 Z0.000 F200
G1 X13.180 Y-28.200 Z-0.667 F200
G1 X12.680 Y-28.200 Z-1.333 F200
G1 X12.180 Y-28.200 Z-2.000 F200
G1 X10.260 Y-28.200 Z-2.000 F1200
G0 Z2.000
G0 X8.580 Y-28.200
G1 X8.300 Y-28.200 Z1.333 F200
G1 X8.020 Y-28.200 Z0.667 F200
G1 X7.740 Y-28.200 Z0.000 F200
G1 X7.460 Y-28.200 Z-0.667 F200
G1 X7.180 Y-28.200 Z-1.333 F200
G1 X6.900 Y-28.200 Z-2.000 F200
G1 X6.900 Y-28.200 Z-2.000 F1200
G0 Z2.000
G0 X6.660 Y-28.800
G1 X6.940 Y-28.800 Z1.333 F200
G1 X7.220 Y-28.800 Z0.667 F200
G1 X7.500 Y-28.800 Z0.000 F200
G1 X7.780 Y-28.800 Z-0.667 F200
G1 X8.060 Y-28.800 Z-1.333 F200
G1 X8.340 Y-28.800 Z-2.000 F200
G1 X8.340 Y-28.800 Z-2.000 F1200
G0 Z2.000
G0 X10.500 Y-28.800
G1 X11.000 Y-28.800 Z1.333 F200
G1 X11.500 Y-28.800 Z0.667 F200
G1 X12.000 Y-28.800 Z0.000 F200
G1 X12.500 Y-28.800 Z-0.667 F200
G1 X13.000 Y-28.800 Z-1.333 F200
G1 X13.500 Y-28.800 Z-2.000 F200
G1 X15.420 Y-28.800 Z-2.000 F1200
G0 Z2.000
G0 X15.780 Y-29.400
G1 X15.280 Y-29.400 Z1.333 F200
G1 X14.780 Y-29.400 Z0.667 F200
G1 X14.280 Y-29.400 Z0.000 F200
G1 X13.780 Y-29.400 Z-0.667 F200
G1 X13.280 Y-29.400 Z-1.333 F200
G1 X12.780 Y-29.400 Z-2.000 F200
G1 X10.740 Y-29.400 Z-2.000 F1200
G0 Z2.000
G0 X8.100 Y-29.400
G1 X7.820 Y-29.400 Z1.333 F200
G1 X7.540 Y-29.400 Z0.667 F200
G1 X7.260 Y-29.400 Z0.000 F200
G1 X6.980 Y-29.400 Z-0.667 F200
G1 X6.700 Y-29.400 Z-1.333 F200
G1 X6.420 Y-29.400 Z-2.000 F200
G1 X6.420 Y-29.400 Z-2.000 F1200
G0 Z2.000
G0 X6.180 Y-30.000
G1 X6.460 Y-30.000 Z1.333 F200
G1 X6.740 Y-30.000 Z0.667 F200
G1 X7.020 Y-30.000 Z0.000 F200
G1 X7.300 Y-30.000 Z-0.667 F200
G1 X7.580 Y-30.000 Z-1.333 F200
G1 X7.860 Y-30.000 Z-2.000 F200
G1 X7.860 Y-30.000 Z-2.000 F1200
G0 Z2.000
G0 X10.980 Y-30.000
G1 X11.480 Y-30.000 Z1.333 F200
G1 X11.980 Y-30.000 Z0.667 F200
G1 X12.480 Y-30.000 Z0.000 F200
G1 X12.980 Y-30.000 Z-0.667 F200
G1 X13.480 Y-30.000 Z-1.333 F200
G1 X13.980 Y-30.000 Z-2.000 F200
G1 X16.020 Y-30.000 Z-2.000 F1200
G0 Z2.000
G0 X16.260 Y-30.600
G1 X15.760 Y-30.600 Z1.333 F200
G1 X15.260 Y-30.600 Z0.667 F200
G1 X14.760 Y-30.600 Z0.000 F200
G1 X14.260 Y-30.600 Z-0.667 F200
G1 X13.760 Y-30.600 Z-1.333 F200
G1 X13.260 Y-30.600 Z-2.000 F200
G1 X11.220 Y-30.600 Z-2.000 F1200
G0 Z2.000
G0 X7.620 Y-30.600
G1 X7.340 Y-30.600 Z1.333 F200
G1 X7.060 Y-30.600 Z0.667 F200
G1 X6.780 Y-30.600 Z0.000 F200
G1 X6.500 Y-30.600 Z-0.667 F200
G1 X6.220 Y-30.600 Z-1.333 F200
G1 X5.940 Y-30.600 Z-2.000 F200
G1 X5.940 Y-30.600 Z-2.000 F1200
G0 Z2.000
G0 X5.700 Y-31.200
G1 X5.980 Y-31.200 Z1.333 F200
G1 X6.260 Y-31.200 Z0.667 F200
G1 X6.540 Y-31.200 Z0.000 F200
G1 X6.820 Y-31.200 Z-0.667 F200
G1 X7.100 Y-31.200 Z-1.333 F200
G1 X7.380 Y-31.200 Z-2.000 F200
G1 X7.380 Y-31.200 Z-2.000 F1200
G0 Z2.000
G0 X11.460 Y-31.200
G1 X11.960 Y-31.200 Z1.333 F200
G1 X12.460 Y-31.200 Z0.667 F200
G1 X12.960 Y-31.200 Z0.000 F200
G1 X13.460 Y-31.200 Z-0.667 F200
G1 X13.960 Y-31.200 Z-1.333 F200
G1 X14.460 Y-31.200 Z-2.000 F200
G1 X16.500 Y-31.200 Z-2.000 F1200
G0 Z2.000
G0 X16.740 Y-31.800
G1 X16.240 Y-31.800 Z1.333 F200
G1 X15.740 Y-31.800 Z0.667 F200
G1 X15.240 Y-31.800 Z0.000 F200
G1 X14.740 Y-31.800 Z-0.667 F200
G1 X14.240 Y-31.800 Z-1.333 F200
G1 X13.740 Y-31.800 Z-2.000 F200
G1 X11.700 Y-31.800 Z-2.000 F1200
G0 Z2.000
G0 X7.140 Y-31.800
G1 X6.860 Y-31.800 Z1.333 F200
G1 X6.580 Y-31.800 Z0.667 F200
G1 X6.300 Y-31.800 Z0.000 F200
G1 X6.020 Y-31.800 Z-0.667 F200
G1 X5.740 Y-31.800 Z-1.333 F200
G1 X5.460 Y-31.800 Z-2.000 F200
G1 X5.460 Y-31.800 Z-2.000 F1200
G0 Z2.000
G0 X5.220 Y-32.400
G1 X5.500 Y-32.400 Z1.333 F200
G1 X5.780 Y-32.400 Z0.667 F200
G1 X6.060 Y-32.400 Z0.000 F200
G1 X6.340 Y-32.400 Z-0.667 F200
G1 X6.620 Y-32.400 Z-1.333 F200
G1 X6.900 Y-32.400 Z-2.000 F200
G1 X6.900 Y-32.400 Z-2.000 F1200
G0 Z2.000
G0 X11.940 Y-32.400
G1 X12.440 Y-32.400 Z1.333 F200
G1 X12.940 Y-32.400 Z0.667 F200
G1 X13.440 Y-32.400 Z0.000 F200
G1 X13.940 Y-32.400 Z-0.667 F200
G1 X14.440 Y-32.400 Z-1.333 F200
G1 X14.940 Y-32.400 Z-2.000 F200
G1 X16.980 Y-32.400 Z-2.000 F1200
G0 Z2.000
G0 X17.220 Y-33.000
G1 X16.720 Y-33.000 Z1.333 F200
G1 X16.220 Y-33.000 Z0.667 F200
G1 X15.720 Y-33.000 Z0.000 F200
G1 X15.220 Y-33.000 Z-0.667 F200
G1 X14.720 Y-33.000 Z-1.333 F200
G1 X14.220 Y-33.000 Z-2.000 F200
G1 X12.180 Y-33.000 Z-2.000 F1200
G0 Z2.000
G0 X6.660 Y-33.000
G1 X6.360 Y-33.000 Z1.333 F200
G1 X6.060 Y-33.000 Z0.667 F200
G1 X5.760 Y-33.000 Z0.000 F200
G1 X5.460 Y-33.000 Z-0.667 F200
G1 X5.160 Y-33.000 Z-1.333 F200
G1 X4.860 Y-33.000 Z-2.000 F200
G1 X4.860 Y-33.000 Z-2.000 F1200
G0 Z2.000
G0 X4.620 Y-33.600
G1 X5.120 Y-33.600 Z1.333 F200
G1 X5.620 Y-33.600 Z0.667 F200
G1 X6.120 Y-33.600 Z0.000 F200
G1 X6.620 Y-33.600 Z-0.667 F200
G1 X7.120 Y-33.600 Z-1.333 F200
G1 X7.620 Y-33.600 Z-2.000 F200
G1 X17.460 Y-33.600 Z-2.000 F1200
G0 Z2.000
G0 X17.700 Y-34.200
G1 X17.200 Y-34.200 Z1.333 F200
G1 X16.700 Y-34.200 Z0.667 F200
G1 X16.200 Y-34.200 Z0.000 F200
G1 X15.700 Y-34.200 Z-0.667 F200
G1 X15.200 Y-34.200 Z-1.333 F200
G1 X14.700 Y-34.200 Z-2.000 F200
G1 X4.380 Y-34.200 Z-2.000 F1200
G0 Z2.000
G0 X4.140 Y-34.800
G1 X4.640 Y-34.800 Z1.333 F200
G1 X5.140 Y-34.800 Z0.667 F200
G1 X5.640 Y-34.800 Z0.000 F200
G1 X6.140 Y-34.800 Z-0.667 F200
G1 X6.640 Y-34.800 Z-1.333 F200
G1 X7.140 Y-34.800 Z-2.000 F200
G1 X17.940 Y-34.800 Z-2.000 F1200
G0 Z2.000
G0 X18.180 Y-35.400
G1 X17.680 Y-35.400 Z1.333 F200
G1 X17.180 Y-35.400 Z0.667 F200
G1 X16.680 Y-35.400 Z0.000 F200
G1 X16.180 Y-35.400 Z-0.667 F200
G1 X15.680 Y-35.400 Z-1.333 F200
G1 X15.180 Y-35.400 Z-2.000 F200
G1 X13.140 Y-35.400 Z-2.000 F1200
G0 Z2.000
G0 X5.700 Y-35.400
G1 X5.400 Y-35.400 Z1.333 F200
G1 X5.100 Y-35.400 Z0.667 F200
G1 X4.800 Y-35.400 Z0.000 F200
G1 X4.500 Y-35.400 Z-0.667 F200
G1 X4.200 Y-35.400 Z-1.333 F200
G1 X3.900 Y-35.400 Z-2.000 F200
G1 X3.900 Y-35.400 Z-2.000 F1200
G0 Z2.000
G0 X3.660 Y-36.000
G1 X3.960 Y-36.000 Z1.333 F200
G1 X4.260 Y-36.000 Z0.667 F200
G1 X4.560 Y-36.000 Z0.000 F200
G1 X4.860 Y-36.000 Z-0.667 F200
G1 X5.160 Y-36.000 Z-1.333 F200
G1 X5.460 Y-36.000 Z-2.000 F200
G1 X5.460 Y-36.000 Z-2.000 F1200
G0 Z2.000
G0 X13.380 Y-36.000
G1 X13.880 Y-36.000 Z1.333 F200
G1 X14.380 Y-36.000 Z0.667 F200
G1 X14.880 Y-36.000 Z0.000 F200
G1 X15.380 Y-36.000 Z-0.667 F200
G1 X15.880 Y-36.000 Z-1.333 F200
G1 X16.380 Y-36.000 Z-2.000 F200
G1 X18.420 Y-36.000 Z-2.000 F1200
G0 Z2.000
G0 X18.660 Y-36.600
G1 X18.160 Y-36.600 Z1.333 F200
G1 X17.660 Y-36.600 Z0.667 F200
G1 X17.160 Y-36.600 Z0.000 F200
G1 X16.660 Y-36.600 Z-0.667 F200
G1 X16.160 Y-36.600 Z-1.333 F200
G1 X15.660 Y-36.600 Z-2.000 F200
G1 X13.620 Y-36.600 Z-2.000 F1200
G0 Z2.000
G0 X5.220 Y-36.600
G1 X4.920 Y-36.600 Z1.333 F200
G1 X4.620 Y-36.600 Z0.667 F200
G1 X4.320 Y-36.600 Z0.000 F200
G1 X4.020 Y-36.600 Z-0.667 F200
G1 X3.720 Y-36.600 Z-1.333 F200
G1 X3.420 Y-36.600 Z-2.000 F200
G1 X3.420 Y-36.600 Z-2.000 F1200
G0 Z2.000
G0 X3.180 Y-37.200
G1 X3.480 Y-37.200 Z1.333 F200
G1 X3.780 Y-37.200 Z0.667 F200
G1 X4.080 Y-37.200 Z0.000 F200
G1 X4.380 Y-37.200 Z-0.667 F200
G1 X4.680 Y-37.200 Z-1.333 F200
G1 X4.980 Y-37.200 Z-2.000 F200
G1 X4.980 Y-37.200 Z-2.000 F1200
G0 Z2.000
G0 X13.860 Y-37.200
G1 X14.360 Y-37.200 Z1.333 F200
G1 X14.860 Y-37.200 Z0.667 F200
G1 X15.360 Y-37.200 Z0.000 F200
G1 X15.860 Y-37.200 Z-0.667 F200
G1 X16.360 Y-37.200 Z-1.333 F200
G1 X16.860 Y-37.200 Z-2.000 F200
G1 X18.900 Y-37.200 Z-2.000 F1200
G0 Z2.000
G0 X19.140 Y-37.800
G1 X18.640 Y-37.800 Z1.333 F200
G1 X18.140 Y-37.800 Z0.667 F200
G1 X17.640 Y-37.800 Z0.000 F200
G1 X17.140 Y-37.800 Z-0.667 F200
G1 X16.640 Y-37.800 Z-1.333 F200
G1 X16.140 Y-37.800 Z-2.000 F200
G1 X14.100 Y-37.800 Z-2.000 F1200
G0 Z2.000
G0 X4.620 Y-37.800
G1 X4.340 Y-37.800 Z1.333 F200
G1 X4.060 Y-37.800 Z0.667 F200
G1 X3.780 Y-37.800 Z0.000 F200
G1 X3.500 Y-37.800 Z-0.667 F200
G1 X3.220 Y-37.800 Z-1.333 F200
G1 X2.940 Y-37.800 Z-2.000 F200
G1 X2.940 Y-37.800 Z-2.000 F1200
G0 Z2.000
G0 X2.700 Y-38.400
G1 X2.980 Y-38.400 Z1.333 F200
G1 X3.260 Y-38.400 Z0.667 F200
G1 X3.540 Y-38.400 Z0.000 F200
G1 X3.820 Y-38.400 Z-0.667 F200
G1 X4.100 Y-38.400 Z-1.333 F200
G1 X4.380 Y-38.400 Z-2.000 F200
G1 X4.380 Y-38.400 Z-2.000 F1200
G0 Z2.000
G0 X14.340 Y-38.400
G1 X14.840 Y-38.400 Z1.333 F200
G1 X15.340 Y-38.400 Z0.667 F200
G1 X15.840 Y-38.400 Z0.000 F200
G1 X16.340 Y-38.400 Z-0.667 F200
G1 X16.840 Y-38.400 Z-1.333 F200
G1 X17.340 Y-38.400 Z-2.000 F200
G1 X19.380 Y-38.400 Z-2.000 F1200
G0 Z2.000
G0 X21.420 Y-39.000
G1 X20.920 Y-39.000 Z1.333 F200
G1 X20.420 Y-39.000 Z0.667 F200
G1 X19.920 Y-39.000 Z0.000 F200
G1 X19.420 Y-39.000 Z-0.667 F200
G1 X18.920 Y-39.000 Z-1.333 F200
G1 X18.420 Y-39.000 Z-2.000 F200
G1 X12.660 Y-39.000 Z-2.000 F1200
G0 Z2.000
G0 X6.420 Y-39.000
G1 X5.920 Y-39.000 Z1.333 F200
G1 X5.420 Y-39.000 Z0.667 F200
G1 X4.920 Y-39.000 Z0.000 F200
G1 X4.420 Y-39.000 Z-0.667 F200
G1 X3.920 Y-39.000 Z-1.333 F200
G1 X3.420 Y-39.000 Z-2.000 F200
G1 X0.900 Y-39.000 Z-2.000 F1200
G0 Z2.000
G0 X0.900 Y-39.600
G1 X1.400 Y-39.600 Z1.333 F200
G1 X1.900 Y-39.600 Z0.667 F200
G1 X2.400 Y-39.600 Z0.000 F200
G1 X2.900 Y-39.600 Z-0.667 F200
G1 X3.400 Y-39.600 Z-1.333 F200
G1 X3.900 Y-39.600 Z-2.000 F200
G1 X6.420 Y-39.600 Z-2.000 F1200
G0 Z2.000
G0 X12.660 Y-39.600
G1 X13.160 Y-39.600 Z1.333 F200
G1 X13.660 Y-39.600 Z0.667 F200
G1 X14.160 Y-39.600 Z0.000 F200
G1 X14.660 Y-39.600 Z-0.667 F200
G1 X15.160 Y-39.600 Z-1.333 F200
G1 X15.660 Y-39.600 Z-2.000 F200
G1 X21.420 Y-39.600 Z-2.000 F1200
G0 Z2.000
G0 X21.420 Y-40.200
G1 X20.920 Y-40.200 Z1.333 F200
G1 X20.420 Y-40.200 Z0.667 F200
G1 X19.920 Y-40.200 Z0.000 F200
G1 X19.420 Y-40.200 Z-0.667 F200
G1 X18.920 Y-40.200 Z-1.333 F200
G1 X18.420 Y-40.200 Z-2.000 F200
G1 X12.660 Y-40.200 Z-2.000 F1200
G0 Z2.000
G0 X6.420 Y-40.200
G1 X5.920 Y-40.200 Z1.333 F200
G1 X5.420 Y-40.200 Z0.667 F200
G1 X4.920 Y-40.200 Z0.000 F200
G1 X4.420 Y-40.200 Z-0.667 F200
G1 X3.920 Y-40.200 Z-1.333 F200
G1 X3.420 Y-40.200 Z-2.000 F200
G1 X0.900 Y-40.200 Z-2.000 F1200
G0 Z2.000
G0 Z2.000
G0 X9.480 Y-21.600
G1 X9.480 Y-21.600 Z2.000 F200
G1 X9.480 Y-21.720 Z1.000 F200
G1 X9.420 Y-21.780 Z0.000 F200
G1 X9.360 Y-21.840 Z-1.000 F200
G1 X9.360 Y-21.960 Z-2.000 F200
G1 X9.360 Y-22.080 Z-2.000 F1200
G1 X9.300 Y-22.140 Z-2.000 F1200
G1 X9.240 Y-22.200 Z-2.000 F1200
G1 X9.240 Y-22.320 Z-2.000 F1200
G1 X9.180 Y-22.380 Z-2.000 F1200
G1 X9.120 Y-22.440 Z-2.000 F1200
G1 X9.120 Y-22.560 Z-2.000 F1200
G1 X9.120 Y-22.680 Z-2.000 F1200
G1 X9.060 Y-22.740 Z-2.000 F1200
G1 X9.000 Y-22.800 Z-2.000 F1200
G1 X9.000 Y-22.920 Z-2.000 F1200
G1 X8.940 Y-22.980 Z-2.000 F1200
G1 X8.880 Y-23.040 Z-2.000 F1200
G1 X8.880 Y-23.160 Z-2.000 F1200
G1 X8.880 Y-23.280 Z-2.000 F1200
G1 X8.820 Y-23.340 Z-2.000 F1200
G1 X8.760 Y-23.400 Z-2.000 F1200
G1 X8.760 Y-23.520 Z-2.000 F1200
G1 X8.700 Y-23.580 Z-2.000 F1200
G1 X8.640 Y-23.640 Z-2.000 F1200
G1 X8.640 Y-23.760 Z-2.000 F1200
G1 X8.580 Y-23.820 Z-2.000 F1200
G1 X8.520 Y-23.880 Z-2.000 F1200
G1 X8.520 Y-24.000 Z-2.000 F1200
G1 X8.520 Y-24.120 Z-2.000 F1200
G1 X8.460 Y-24.180 Z-2.000 F1200
G1 X8.400 Y-24.240 Z-2.000 F1200
G1 X8.400 Y-24.360 Z-2.000 F1200
G1 X8.340 Y-24.420 Z-2.000 F1200
G1 X8.280 Y-24.480 Z-2.000 F1200
G1 X8.280 Y-24.600 Z-2.000 F1200
G1 X8.280 Y-24.720 Z-2.000 F1200
G1 X8.220 Y-24.780 Z-2.000 F1200
G1 X8.160 Y-24.840 Z-2.000 F1200
G1 X8.160 Y-24.960 Z-2.000 F1200
G1 X8.100 Y-25.020 Z-2.000 F1200
G1 X8.040 Y-25.080 Z-2.000 F1200
G1 X8.040 Y-25.200 Z-2.000 F1200
G1 X8.040 Y-25.320 Z-2.000 F1200
G1 X7.980 Y-25.380 Z-2.000 F1200
G1 X7.920 Y-25.440 Z-2.000 F1200
G1 X7.920 Y-25.560 Z-2.000 F1200
G1 X7.860 Y-25.620 Z-2.000 F1200
G1 X7.800 Y-25.680 Z-2.000 F1200
G1 X7.800 Y-25.800 Z-2.000 F1200
G1 X7.800 Y-25.920 Z-2.000 F1200
G1 X7.740 Y-25.980 Z-2.000 F1200
G1 X7.680 Y-26.040 Z-2.000 F1200
G1 X7.680 Y-26.160 Z-2.000 F1200
G1 X7.620 Y-26.220 Z-2.000 F1200
G1 X7.560 Y-26.280 Z-2.000 F1200
G1 X7.560 Y-26.400 Z-2.000 F1200
G1 X7.500 Y-26.460 Z-2.000 F1200
G1 X7.440 Y-26.520 Z-2.000 F1200
G1 X7.440 Y-26.640 Z-2.000 F1200
G1 X7.440 Y-26.760 Z-2.000 F1200
G1 X7.380 Y-26.820 Z-2.000 F1200
G1 X7.320 Y-26.880 Z-2.000 F1200
G1 X7.320 Y-27.000 Z-2.000 F1200
G1 X7.260 Y-27.060 Z-2.000 F1200
G1 X7.200 Y-27.120 Z-2.000 F1200
G1 X7.200 Y-27.240 Z-2.000 F1200
G1 X7.200 Y-27.360 Z-2.000 F1200
G1 X7.140 Y-27.420 Z-2.000 F1200
G1 X7.080 Y-27.480 Z-2.000 F1200
G1 X7.080 Y-27.600 Z-2.000 F1200
G1 X7.020 Y-27.660 Z-2.000 F1200
G1 X6.960 Y-27.720 Z-2.000 F1200
G1 X6.960 Y-27.840 Z-2.000 F1200
G1 X6.960 Y-27.960 Z-2.000 F1200
G1 X6.900 Y-28.020 Z-2.000 F1200
G1 X6.840 Y-28.080 Z-2.000 F1200
G1 X6.840 Y-28.200 Z-2.000 F1200
G1 X6.780 Y-28.260 Z-2.000 F1200
G1 X6.720 Y-28.320 Z-2.000 F1200
G1 X6.720 Y-28.440 Z-2.000 F1200
G1 X6.720 Y-28.560 Z-2.000 F1200
G1 X6.660 Y-28.620 Z-2.000 F1200
G1 X6.600 Y-28.680 Z-2.000 F1200
G1 X6.600 Y-28.800 Z-2.000 F1200
G1 X6.540 Y-28.860 Z-2.000 F1200
G1 X6.480 Y-28.920 Z-2.000 F1200
G1 X6.480 Y-29.040 Z-2.000 F1200
G1 X6.480 Y-29.160 Z-2.000 F1200
G1 X6.420 Y-29.220 Z-2.000 F1200
G1 X6.360 Y-29.280 Z-2.000 F1200
G1 X6.360 Y-29.400 Z-2.000 F1200
G1 X6.300 Y-29.460 Z-2.000 F1200
G1 X6.240 Y-29.520 Z-2.000 F1200
G1 X6.240 Y-29.640 Z-2.000 F1200
G1 X6.180 Y-29.700 Z-2.000 F1200
G1 X6.120 Y-29.760 Z-2.000 F1200
G1 X6.120 Y-29.880 Z-2.000 F1200
G1 X6.120 Y-30.000 Z-2.000 F1200
G1 X6.060 Y-30.060 Z-2.000 F1200
G1 X6.000 Y-30.120 Z-2.000 F1200
G1 X6.000 Y-30.240 Z-2.000 F1200
G1 X5.940 Y-30.300 Z-2.000 F1200
G1 X5.880 Y-30.360 Z-2.000 F1200
G1 X5.880 Y-30.480 Z-2.000 F1200
G1 X5.880 Y-30.600 Z-2.000 F1200
G1 X5.820 Y-30.660 Z-2.000 F1200
G1 X5.760 Y-30.720 Z-2.000 F1200
G1 X5.760 Y-30.840 Z-2.000 F1200
G1 X5.700 Y-30.900 Z-2.000 F1200
G1 X5.640 Y-30.960 Z-2.000 F1200
G1 X5.640 Y-31.080 Z-2.000 F1200
G1 X5.640 Y-31.200 Z-2.000 F1200
G1 X5.580 Y-31.260 Z-2.000 F1200
G1 X5.520 Y-31.320 Z-2.000 F1200
G1 X5.520 Y-31.440 Z-2.000 F1200
G1 X5.460 Y-31.500 Z-2.000 F1200
G1 X5.400 Y-31.560 Z-2.000 F1200
G1 X5.400 Y-31.680 Z-2.000 F1200
G1 X5.400 Y-31.800 Z-2.000 F1200
G1 X5.340 Y-31.860 Z-2.000 F1200
G1 X5.280 Y-31.920 Z-2.000 F1200
G1 X5.280 Y-32.040 Z-2.000 F1200
G1 X5.220 Y-32.100 Z-2.000 F1200
G1 X5.160 Y-32.160 Z-2.000 F1200
G1 X5.160 Y-32.280 Z-2.000 F1200
G1 X5.160 Y-32.400 Z-2.000 F1200
G1 X5.100 Y-32.460 Z-2.000 F1200
G1 X5.040 Y-32.520 Z-2.000 F1200
G1 X5.040 Y-32.640 Z-2.000 F1200
G1 X4.980 Y-32.700 Z-2.000 F1200
G1 X4.920 Y-32.760 Z-2.000 F1200
G1 X4.920 Y-32.880 Z-2.000 F1200
G1 X4.860 Y-32.940 Z-2.000 F1200
G1 X4.800 Y-33.000 Z-2.000 F1200
G1 X4.800 Y-33.120 Z-2.000 F1200
G1 X4.800 Y-33.240 Z-2.000 F1200
G1 X4.740 Y-33.300 Z-2.000 F1200
G1 X4.680 Y-33.360 Z-2.000 F1200
G1 X4.680 Y-33.480 Z-2.000 F1200
G1 X4.620 Y-33.540 Z-2.000 F1200
G1 X4.560 Y-33.600 Z-2.000 F1200
G1 X4.560 Y-33.720 Z-2.000 F1200
G1 X4.560 Y-33.840 Z-2.000 F1200
G1 X4.500 Y-33.900 Z-2.000 F1200
G1 X4.440 Y-33.960 Z-2.000 F1200
G1 X4.440 Y-34.080 Z-2.000 F1200
G1 X4.380 Y-34.140 Z-2.000 F1200
G1 X4.320 Y-34.200 Z-2.000 F1200
G1 X4.320 Y-34.320 Z-2.000 F1200
G1 X4.320 Y-34.440 Z-2.000 F1200
G1 X4.260 Y-34.500 Z-2.000 F1200
G1 X4.200 Y-34.560 Z-2.000 F1200
G1 X4.200 Y-34.680 Z-2.000 F1200
G1 X4.140 Y-34.740 Z-2.000 F1200
G1 X4.080 Y-34.800 Z-2.000 F1200
G1 X4.080 Y-34.920 Z-2.000 F1200
G1 X4.080 Y-35.040 Z-2.000 F1200
G1 X4.020 Y-35.100 Z-2.000 F1200
G1 X3.960 Y-35.160 Z-2.000 F1200
G1 X3.960 Y-35.280 Z-2.000 F1200
G1 X3.900 Y-35.340 Z-2.000 F1200
G1 X3.840 Y-35.400 Z-2.000 F1200
G1 X3.840 Y-35.520 Z-2.000 F1200
G1 X3.780 Y-35.580 Z-2.000 F1200
G1 X3.720 Y-35.640 Z-2.000 F1200
G1 X3.720 Y-35.760 Z-2.000 F1200
G1 X3.720 Y-35.880 Z-2.000 F1200
G1 X3.660 Y-35.940 Z-2.000 F1200
G1 X3.600 Y-36.000 Z-2.000 F1200
G1 X3.600 Y-36.120 Z-2.000 F1200
G1 X3.540 Y-36.180 Z-2.000 F1200
G1 X3.480 Y-36.240 Z-2.000 F1200
G1 X3.480 Y-36.360 Z-2.000 F1200
G1 X3.480 Y-36.480 Z-2.000 F1200
G1 X3.420 Y-36.540 Z-2.000 F1200
G1 X3.360 Y-36.600 Z-2.000 F1200
G1 X3.360 Y-36.720 Z-2.000 F1200
G1 X3.300 Y-36.780 Z-2.000 F1200
G1 X3.240 Y-36.840 Z-2.000 F1200
G1 X3.240 Y-36.960 Z-2.000 F1200
G1 X3.240 Y-37.080 Z-2.000 F1200
G1 X3.180 Y-37.140 Z-2.000 F1200
G1 X3.120 Y-37.200 Z-2.000 F1200
G1 X3.120 Y-37.320 Z-2.000 F1200
G1 X3.060 Y-37.380 Z-2.000 F1200
G1 X3.000 Y-37.440 Z-2.000 F1200
G1 X3.000 Y-37.560 Z-2.000 F1200
G1 X3.000 Y-37.680 Z-2.000 F1200
G1 X2.940 Y-37.740 Z-2.000 F1200
G1 X2.880 Y-37.800 Z-2.000 F1200
G1 X2.880 Y-37.920 Z-2.000 F1200
G1 X2.820 Y-37.980 Z-2.000 F1200
G1 X2.760 Y-38.040 Z-2.000 F1200
G1 X2.760 Y-38.160 Z-2.000 F1200
G1 X2.760 Y-38.280 Z-2.000 F1200
G1 X2.700 Y-38.340 Z-2.000 F1200
G1 X2.640 Y-38.400 Z-2.000 F1200
G1 X2.640 Y-38.520 Z-2.000 F1200
G1 X2.580 Y-38.580 Z-2.000 F1200
G1 X2.520 Y-38.640 Z-2.000 F1200
G1 X2.520 Y-38.760 Z-2.000 F1200
G1 X2.460 Y-38.820 Z-2.000 F1200
G1 X2.400 Y-38.880 Z-2.000 F1200
G1 X2.340 Y-38.940 Z-2.000 F1200
G1 X2.220 Y-38.940 Z-2.000 F1200
G1 X2.100 Y-38.940 Z-2.000 F1200
G1 X1.980 Y-38.940 Z-2.000 F1200
G1 X1.860 Y-38.940 Z-2.000 F1200
G1 X1.740 Y-38.940 Z-2.000 F1200
G1 X1.620 Y-38.940 Z-2.000 F1200
G1 X1.500 Y-38.940 Z-2.000 F1200
G1 X1.380 Y-38.940 Z-2.000 F1200
G1 X1.260 Y-38.940 Z-2.000 F1200
G1 X1.140 Y-38.940 Z-2.000 F1200
G1 X1.020 Y-38.940 Z-2.000 F1200
G1 X0.900 Y-38.940 Z-2.000 F1200
G0 Z2.000
G0 X9.360 Y-26.520
G1 X9.360 Y-26.520 Z2.000 F200
G1 X9.420 Y-26.460 Z1.000 F200
G1 X9.480 Y-26.520 Z0.000 F200
G1 X9.480 Y-26.640 Z-1.000 F200
G1 X9.540 Y-26.700 Z-2.000 F200
G1 X9.600 Y-26.760 Z-2.000 F1200
G1 X9.600 Y-26.880 Z-2.000 F1200
G1 X9.660 Y-26.940 Z-2.000 F1200
G1 X9.720 Y-27.000 Z-2.000 F1200
G1 X9.720 Y-27.120 Z-2.000 F1200
G1 X9.720 Y-27.240 Z-2.000 F1200
G1 X9.780 Y-27.300 Z-2.000 F1200
G1 X9.840 Y-27.360 Z-2.000 F1200
G1 X9.840 Y-27.480 Z-2.000 F1200
G1 X9.900 Y-27.540 Z-2.000 F1200
G1 X9.960 Y-27.600 Z-2.000 F1200
G1 X9.960 Y-27.720 Z-2.000 F1200
G1 X9.960 Y-27.840 Z-2.000 F1200
G1 X10.020 Y-27.900 Z-2.000 F1200
G1 X10.080 Y-27.960 Z-2.000 F1200
G1 X10.080 Y-28.080 Z-2.000 F1200
G1 X10.140 Y-28.140 Z-2.000 F1200
G1 X10.200 Y-28.200 Z-2.000 F1200
G1 X10.200 Y-28.320 Z-2.000 F1200
G1 X10.200 Y-28.440 Z-2.000 F1200
G1 X10.260 Y-28.500 Z-2.000 F1200
G1 X10.320 Y-28.560 Z-2.000 F1200
G1 X10.320 Y-28.680 Z-2.000 F1200
G1 X10.380 Y-28.740 Z-2.000 F1200
G1 X10.440 Y-28.800 Z-2.000 F1200
G1 X10.440 Y-28.920 Z-2.000 F1200
G1 X10.440 Y-29.040 Z-2.000 F1200
G1 X10.500 Y-29.100 Z-2.000 F1200
G1 X10.560 Y-29.160 Z-2.000 F1200
G1 X10.560 Y-29.280 Z-2.000 F1200
G1 X10.620 Y-29.340 Z-2.000 F1200
G1 X10.680 Y-29.400 Z-2.000 F1200
G1 X10.680 Y-29.520 Z-2.000 F1200
G1 X10.680 Y-29.640 Z-2.000 F1200
G1 X10.740 Y-29.700 Z-2.000 F1200
G1 X10.800 Y-29.760 Z-2.000 F1200
G1 X10.800 Y-29.880 Z-2.000 F1200
G1 X10.860 Y-29.940 Z-2.000 F1200
G1 X10.920 Y-30.000 Z-2.000 F1200
G1 X10.920 Y-30.120 Z-2.000 F1200
G1 X10.920 Y-30.240 Z-2.000 F1200
G1 X10.980 Y-30.300 Z-2.000 F1200
G1 X11.040 Y-30.360 Z-2.000 F1200
G1 X11.040 Y-30.480 Z-2.000 F1200
G1 X11.100 Y-30.540 Z-2.000 F1200
G1 X11.160 Y-30.600 Z-2.000 F1200
G1 X11.160 Y-30.720 Z-2.000 F1200
G1 X11.160 Y-30.840 Z-2.000 F1200
G1 X11.220 Y-30.900 Z-2.000 F1200
G1 X11.280 Y-30.960 Z-2.000 F1200
G1 X11.280 Y-31.080 Z-2.000 F1200
G1 X11.340 Y-31.140 Z-2.000 F1200
G1 X11.400 Y-31.200 Z-2.000 F1200
G1 X11.400 Y-31.320 Z-2.000 F1200
G1 X11.400 Y-31.440 Z-2.000 F1200
G1 X11.460 Y-31.500 Z-2.000 F1200
G1 X11.520 Y-31.560 Z-2.000 F1200
G1 X11.520 Y-31.680 Z-2.000 F1200
G1 X11.580 Y-31.740 Z-2.000 F1200
G1 X11.640 Y-31.800 Z-2.000 F1200
G1 X11.640 Y-31.920 Z-2.000 F1200
G1 X11.640 Y-32.040 Z-2.000 F1200
G1 X11.700 Y-32.100 Z-2.000 F1200
G1 X11.760 Y-32.160 Z-2.000 F1200
G1 X11.760 Y-32.280 Z-2.000 F1200
G1 X11.820 Y-32.340 Z-2.000 F1200
G1 X11.880 Y-32.400 Z-2.000 F1200
G1 X11.880 Y-32.520 Z-2.000 F1200
G1 X11.880 Y-32.640 Z-2.000 F1200
G1 X11.940 Y-32.700 Z-2.000 F1200
G1 X12.000 Y-32.760 Z-2.000 F1200
G1 X12.000 Y-32.880 Z-2.000 F1200
G1 X12.060 Y-32.940 Z-2.000 F1200
G1 X12.120 Y-33.000 Z-2.000 F1200
G1 X12.120 Y-33.120 Z-2.000 F1200
G1 X12.120 Y-33.240 Z-2.000 F1200
G1 X12.180 Y-33.300 Z-2.000 F1200
G1 X12.240 Y-33.360 Z-2.000 F1200
G1 X12.240 Y-33.480 Z-2.000 F1200
G1 X12.180 Y-33.540 Z-2.000 F1200
G1 X12.060 Y-33.540 Z-2.000 F1200
G1 X11.940 Y-33.540 Z-2.000 F1200
G1 X11.820 Y-33.540 Z-2.000 F1200
G1 X11.700 Y-33.540 Z-2.000 F1200
G1 X11.580 Y-33.540 Z-2.000 F1200
G1 X11.460 Y-33.540 Z-2.000 F1200
G1 X11.340 Y-33.540 Z-2.000 F1200
G1 X11.220 Y-33.540 Z-2.000 F1200
G1 X11.100 Y-33.540 Z-2.000 F1200
G1 X10.980 Y-33.540 Z-2.000 F1200
G1 X10.860 Y-33.540 Z-2.000 F1200
G1 X10.740 Y-33.540 Z-2.000 F1200
G1 X10.620 Y-33.540 Z-2.000 F1200
G1 X10.500 Y-33.540 Z-2.000 F1200
G1 X10.380 Y-33.540 Z-2.000 F1200
G1 X10.260 Y-33.540 Z-2.000 F1200
G1 X10.140 Y-33.540 Z-2.000 F1200
G1 X10.020 Y-33.540 Z-2.000 F1200
G1 X9.900 Y-33.540 Z-2.000 F1200
G1 X9.780 Y-33.540 Z-2.000 F1200
G1 X9.660 Y-33.540 Z-2.000 F1200
G1 X9.540 Y-33.540 Z-2.000 F1200
G1 X9.420 Y-33.540 Z-2.000 F1200
G1 X9.300 Y-33.540 Z-2.000 F1200
G1 X9.180 Y-33.540 Z-2.000 F1200
G1 X9.060 Y-33.540 Z-2.000 F1200
G1 X8.940 Y-33.540 Z-2.000 F1200
G1 X8.820 Y-33.540 Z-2.000 F1200
G1 X8.700 Y-33.540 Z-2.000 F1200
G1 X8.580 Y-33.540 Z-2.000 F1200
G1 X8.460 Y-33.540 Z-2.000 F1200
G1 X8.340 Y-33.540 Z-2.000 F1200
G1 X8.220 Y-33.540 Z-2.000 F1200
G1 X8.100 Y-33.540 Z-2.000 F1200
G1 X7.980 Y-33.540 Z-2.000 F1200
G1 X7.860 Y-33.540 Z-2.000 F1200
G1 X7.740 Y-33.540 Z-2.000 F1200
G1 X7.620 Y-33.540 Z-2.000 F1200
G1 X7.500 Y-33.540 Z-2.000 F1200
G1 X7.380 Y-33.540 Z-2.000 F1200
G1 X7.260 Y-33.540 Z-2.000 F1200
G1 X7.140 Y-33.540 Z-2.000 F1200
G1 X7.020 Y-33.540 Z-2.000 F1200
G1 X6.900 Y-33.540 Z-2.000 F1200
G1 X6.780 Y-33.540 Z-2.000 F1200
G1 X6.660 Y-33.540 Z-2.000 F1200
G1 X6.540 Y-33.540 Z-2.000 F1200
G1 X6.480 Y-33.480 Z-2.000 F1200
G1 X6.540 Y-33.420 Z-2.000 F1200
G1 X6.600 Y-33.360 Z-2.000 F1200
G1 X6.600 Y-33.240 Z-2.000 F1200
G1 X6.600 Y-33.120 Z-2.000 F1200
G1 X6.660 Y-33.060 Z-2.000 F1200
G1 X6.720 Y-33.000 Z-2.000 F1200
G1 X6.720 Y-32.880 Z-2.000 F1200
G1 X6.780 Y-32.820 Z-2.000 F1200
G1 X6.840 Y-32.760 Z-2.000 F1200
G1 X6.840 Y-32.640 Z-2.000 F1200
G1 X6.840 Y-32.520 Z-2.000 F1200
G1 X6.900 Y-32.460 Z-2.000 F1200
G1 X6.960 Y-32.400 Z-2.000 F1200
G1 X6.960 Y-32.280 Z-2.000 F1200
G1 X7.020 Y-32.220 Z-2.000 F1200
G1 X7.080 Y-32.160 Z-2.000 F1200
G1 X7.080 Y-32.040 Z-2.000 F1200
G1 X7.080 Y-31.920 Z-2.000 F1200
G1 X7.140 Y-31.860 Z-2.000 F1200
G1 X7.200 Y-31.800 Z-2.000 F1200
G1 X7.200 Y-31.680 Z-2.000 F1200
G1 X7.260 Y-31.620 Z-2.000 F1200
G1 X7.320 Y-31.560 Z-2.000 F1200
G1 X7.320 Y-31.440 Z-2.000 F1200
G1 X7.320 Y-31.320 Z-2.000 F1200
G1 X7.380 Y-31.260 Z-2.000 F1200
G1 X7.440 Y-31.200 Z-2.000 F1200
G1 X7.440 Y-31.080 Z-2.000 F1200
G1 X7.500 Y-31.020 Z-2.000 F1200
G1 X7.560 Y-30.960 Z-2.000 F1200
G1 X7.560 Y-30.840 Z-2.000 F1200
G1 X7.560 Y-30.720 Z-2.000 F1200
G1 X7.620 Y-30.660 Z-2.000 F1200
G1 X7.680 Y-30.600 Z-2.000 F1200
G1 X7.680 Y-30.480 Z-2.000 F1200
G1 X7.740 Y-30.420 Z-2.000 F1200
G1 X7.800 Y-30.360 Z-2.000 F1200
G1 X7.800 Y-30.240 Z-2.000 F1200
G1 X7.800 Y-30.120 Z-2.000 F1200
G1 X7.860 Y-30.060 Z-2.000 F1200
G1 X7.920 Y-30.000 Z-2.000 F1200
G1 X7.920 Y-29.880 Z-2.000 F1200
G1 X7.980 Y-29.820 Z-2.000 F1200
G1 X8.040 Y-29.760 Z-2.000 F1200
G1 X8.040 Y-29.640 Z-2.000 F1200
G1 X8.100 Y-29.580 Z-2.000 F1200
G1 X8.160 Y-29.520 Z-2.000 F1200
G1 X8.160 Y-29.400 Z-2.000 F1200
G1 X8.160 Y-29.280 Z-2.000 F1200
G1 X8.220 Y-29.220 Z-2.000 F1200
G1 X8.280 Y-29.160 Z-2.000 F1200
G1 X8.280 Y-29.040 Z-2.000 F1200
G1 X8.340 Y-28.980 Z-2.000 F1200
G1 X8.400 Y-28.920 Z-2.000 F1200
G1 X8.400 Y-28.800 Z-2.000 F1200
G1 X8.400 Y-28.680 Z-2.000 F1200
G1 X8.460 Y-28.620 Z-2.000 F1200
G1 X8.520 Y-28.560 Z-2.000 F1200
G1 X8.520 Y-28.440 Z-2.000 F1200
G1 X8.580 Y-28.380 Z-2.000 F1200
G1 X8.640 Y-28.320 Z-2.000 F1200
G1 X8.640 Y-28.200 Z-2.000 F1200
G1 X8.640 Y-28.080 Z-2.000 F1200
G1 X8.700 Y-28.020 Z-2.000 F1200
G1 X8.760 Y-27.960 Z-2.000 F1200
G1 X8.760 Y-27.840 Z-2.000 F1200
G1 X8.820 Y-27.780 Z-2.000 F1200
G1 X8.880 Y-27.720 Z-2.000 F1200
G1 X8.880 Y-27.600 Z-2.000 F1200
G1 X8.880 Y-27.480 Z-2.000 F1200
G1 X8.940 Y-27.420 Z-2.000 F1200
G1 X9.000 Y-27.360 Z-2.000 F1200
G1 X9.000 Y-27.240 Z-2.000 F1200
G1 X9.060 Y-27.180 Z-2.000 F1200
G1 X9.120 Y-27.120 Z-2.000 F1200
G1 X9.120 Y-27.000 Z-2.000 F1200
G1 X9.120 Y-26.880 Z-2.000 F1200
G1 X9.180 Y-26.820 Z-2.000 F1200
G1 X9.240 Y-26.760 Z-2.000 F1200
G1 X9.240 Y-26.640 Z-2.000 F1200
G1 X9.300 Y-26.580 Z-2.000 F1200
G1 X9.360 Y-26.520 Z-2.000 F1200
G0 Z2.000
G0 X5.880 Y-35.160
G1 X5.880 Y-35.160 Z2.000 F200
G1 X5.940 Y-35.100 Z1.000 F200
G1 X6.060 Y-35.100 Z0.000 F200
G1 X6.180 Y-35.100 Z-1.000 F200
G1 X6.300 Y-35.100 Z-2.000 F200
G1 X6.420 Y-35.100 Z-2.000 F1200
G1 X6.540 Y-35.100 Z-2.000 F1200
G1 X6.660 Y-35.100 Z-2.000 F1200
G1 X6.780 Y-35.100 Z-2.000 F1200
G1 X6.900 Y-35.100 Z-2.000 F1200
G1 X7.020 Y-35.100 Z-2.000 F1200
G1 X7.140 Y-35.100 Z-2.000 F1200
G1 X7.260 Y-35.100 Z-2.000 F1200
G1 X7.380 Y-35.100 Z-2.000 F1200
G1 X7.500 Y-35.100 Z-2.000 F1200
G1 X7.620 Y-35.100 Z-2.000 F1200
G1 X7.740 Y-35.100 Z-2.000 F1200
G1 X7.860 Y-35.100 Z-2.000 F1200
G1 X7.980 Y-35.100 Z-2.000 F1200
G1 X8.100 Y-35.100 Z-2.000 F1200
G1 X8.220 Y-35.100 Z-2.000 F1200
G1 X8.340 Y-35.100 Z-2.000 F1200
G1 X8.460 Y-35.100 Z-2.000 F1200
G1 X8.580 Y-35.100 Z-2.000 F1200
G1 X8.700 Y-35.100 Z-2.000 F1200
G1 X8.820 Y-35.100 Z-2.000 F1200
G1 X8.940 Y-35.100 Z-2.000 F1200
G1 X9.060 Y-35.100 Z-2.000 F1200
G1 X9.180 Y-35.100 Z-2.000 F1200
G1 X9.300 Y-35.100 Z-2.000 F1200
G1 X9.420 Y-35.100 Z-2.000 F1200
G1 X9.540 Y-35.100 Z-2.000 F1200
G1 X9.660 Y-35.100 Z-2.000 F1200
G1 X9.780 Y-35.100 Z-2.000 F1200
G1 X9.900 Y-35.100 Z-2.000 F1200
G1 X10.020 Y-35.100 Z-2.000 F1200
G1 X10.140 Y-35.100 Z-2.000 F1200
G1 X10.260 Y-35.100 Z-2.000 F1200
G1 X10.380 Y-35.100 Z-2.000 F1200
G1 X10.500 Y-35.100 Z-2.000 F1200
G1 X10.620 Y-35.100 Z-2.000 F1200
G1 X10.740 Y-35.100 Z-2.000 F1200
G1 X10.860 Y-35.100 Z-2.000 F1200
G1 X10.980 Y-35.100 Z-2.000 F1200
G1 X11.100 Y-35.100 Z-2.000 F1200
G1 X11.220 Y-35.100 Z-2.000 F1200
G1 X11.340 Y-35.100 Z-2.000 F1200
G1 X11.460 Y-35.100 Z-2.000 F1200
G1 X11.580 Y-35.100 Z-2.000 F1200
G1 X11.700 Y-35.100 Z-2.000 F1200
G1 X11.820 Y-35.100 Z-2.000 F1200
G1 X11.940 Y-35.100 Z-2.000 F1200
G1 X12.060 Y-35.100 Z-2.000 F1200
G1 X12.180 Y-35.100 Z-2.000 F1200
G1 X12.300 Y-35.100 Z-2.000 F1200
G1 X12.420 Y-35.100 Z-2.000 F1200
G1 X12.540 Y-35.100 Z-2.000 F1200
G1 X12.660 Y-35.100 Z-2.000 F1200
G1 X12.780 Y-35.100 Z-2.000 F1200
G1 X12.900 Y-35.100 Z-2.000 F1200
G1 X12.960 Y-35.160 Z-2.000 F1200
G1 X12.960 Y-35.280 Z-2.000 F1200
G1 X13.020 Y-35.340 Z-2.000 F1200
G1 X13.080 Y-35.400 Z-2.000 F1200
G1 X13.080 Y-35.520 Z-2.000 F1200
G1 X13.080 Y-35.640 Z-2.000 F1200
G1 X13.140 Y-35.700 Z-2.000 F1200
G1 X13.200 Y-35.760 Z-2.000 F1200
G1 X13.200 Y-35.880 Z-2.000 F1200
G1 X13.260 Y-35.940 Z-2.000 F1200
G1 X13.320 Y-36.000 Z-2.000 F1200
G1 X13.320 Y-36.120 Z-2.000 F1200
G1 X13.320 Y-36.240 Z-2.000 F1200
G1 X13.380 Y-36.300 Z-2.000 F1200
G1 X13.440 Y-36.360 Z-2.000 F1200
G1 X13.440 Y-36.480 Z-2.000 F1200
G1 X13.500 Y-36.540 Z-2.000 F1200
G1 X13.560 Y-36.600 Z-2.000 F1200
G1 X13.560 Y-36.720 Z-2.000 F1200
G1 X13.620 Y-36.780 Z-2.000 F1200
G1 X13.680 Y-36.840 Z-2.000 F1200
G1 X13.680 Y-36.960 Z-2.000 F1200
G1 X13.680 Y-37.080 Z-2.000 F1200
G1 X13.740 Y-37.140 Z-2.000 F1200
G1 X13.800 Y-37.200 Z-2.000 F1200
G1 X13.800 Y-37.320 Z-2.000 F1200
G1 X13.860 Y-37.380 Z-2.000 F1200
G1 X13.920 Y-37.440 Z-2.000 F1200
G1 X13.920 Y-37.560 Z-2.000 F1200
G1 X13.920 Y-37.680 Z-2.000 F1200
G1 X13.980 Y-37.740 Z-2.000 F1200
G1 X14.040 Y-37.800 Z-2.000 F1200
G1 X14.040 Y-37.920 Z-2.000 F1200
G1 X14.100 Y-37.980 Z-2.000 F1200
G1 X14.160 Y-38.040 Z-2.000 F1200
G1 X14.160 Y-38.160 Z-2.000 F1200
G1 X14.160 Y-38.280 Z-2.000 F1200
G1 X14.220 Y-38.340 Z-2.000 F1200
G1 X14.280 Y-38.400 Z-2.000 F1200
G1 X14.280 Y-38.520 Z-2.000 F1200
G1 X14.340 Y-38.580 Z-2.000 F1200
G1 X14.400 Y-38.640 Z-2.000 F1200
G1 X14.400 Y-38.760 Z-2.000 F1200
G1 X14.400 Y-38.880 Z-2.000 F1200
G1 X14.340 Y-38.940 Z-2.000 F1200
G1 X14.220 Y-38.940 Z-2.000 F1200
G1 X14.100 Y-38.940 Z-2.000 F1200
G1 X13.980 Y-38.940 Z-2.000 F1200
G1 X13.860 Y-38.940 Z-2.000 F1200
G1 X13.740 Y-38.940 Z-2.000 F1200
G1 X13.620 Y-38.940 Z-2.000 F1200
G1 X13.500 Y-38.940 Z-2.000 F1200
G1 X13.380 Y-38.940 Z-2.000 F1200
G1 X13.260 Y-38.940 Z-2.000 F1200
G1 X13.140 Y-38.940 Z-2.000 F1200
G1 X13.020 Y-38.940 Z-2.000 F1200
G1 X12.900 Y-38.940 Z-2.000 F1200
G1 X12.780 Y-38.940 Z-2.000 F1200
G1 X12.660 Y-38.940 Z-2.000 F1200
G1 X12.600 Y-39.000 Z-2.000 F1200
G1 X12.600 Y-39.120 Z-2.000 F1200
G1 X12.600 Y-39.240 Z-2.000 F1200
G1 X12.600 Y-39.360 Z-2.000 F1200
G1 X12.600 Y-39.480 Z-2.000 F1200
G1 X12.600 Y-39.600 Z-2.000 F1200
G1 X12.600 Y-39.720 Z-2.000 F1200
G1 X12.600 Y-39.840 Z-2.000 F1200
G1 X12.600 Y-39.960 Z-2.000 F1200
G1 X12.600 Y-40.080 Z-2.000 F1200
G1 X12.600 Y-40.200 Z-2.000 F1200
G1 X12.600 Y-40.320 Z-2.000 F1200
G1 X12.600 Y-40.440 Z-2.000 F1200
(--- glyph 2 ---)
G0 Z2.000
G0 Z2.000
G0 X0.840 Y-43.200
G1 X1.340 Y-43.200 Z1.333 F200
G1 X1.840 Y-43.200 Z0.667 F200
G1 X2.340 Y-43.200 Z0.000 F200
G1 X2.840 Y-43.200 Z-0.667 F200
G1 X3.340 Y-43.200 Z-1.333 F200
G1 X3.840 Y-43.200 Z-2.000 F200
G1 X9.600 Y-43.200 Z-2.000 F1200
G0 Z2.000
G0 X15.960 Y-43.200
G1 X16.460 Y-43.200 Z1.333 F200
G1 X16.960 Y-43.200 Z0.667 F200
G1 X17.460 Y-43.200 Z0.000 F200
G1 X17.960 Y-43.200 Z-0.667 F200
G1 X18.460 Y-43.200 Z-1.333 F200
G1 X18.960 Y-43.200 Z-2.000 F200
G1 X21.480 Y-43.200 Z-2.000 F1200
G0 Z2.000
G0 X21.480 Y-43.800
G1 X20.980 Y-43.800 Z1.333 F200
G1 X20.480 Y-43.800 Z0.667 F200
G1 X19.980 Y-43.800 Z0.000 F200
G1 X19.480 Y-43.800 Z-0.667 F200
G1 X18.980 Y-43.800 Z-1.333 F200
G1 X18.480 Y-43.800 Z-2.000 F200
G1 X15.960 Y-43.800 Z-2.000 F1200
G0 Z2.000
G0 X9.600 Y-43.800
G1 X9.100 Y-43.800 Z1.333 F200
G1 X8.600 Y-43.800 Z0.667 F200
G1 X8.100 Y-43.800 Z0.000 F200
G1 X7.600 Y-43.800 Z-0.667 F200
G1 X7.100 Y-43.800 Z-1.333 F200
G1 X6.600 Y-43.800 Z-2.000 F200
G1 X0.840 Y-43.800 Z-2.000 F1200
G0 Z2.000
G0 X0.840 Y-44.400
G1 X1.340 Y-44.400 Z1.333 F200
G1 X1.840 Y-44.400 Z0.667 F200
G1 X2.340 Y-44.400 Z0.000 F200
G1 X2.840 Y-44.400 Z-0.667 F200
G1 X3.340 Y-44.400 Z-1.333 F200
G1 X3.840 Y-44.400 Z-2.000 F200
G1 X9.600 Y-44.400 Z-2.000 F1200
G0 Z2.000
G0 X15.960 Y-44.400
G1 X16.460 Y-44.400 Z1.333 F200
G1 X16.960 Y-44.400 Z0.667 F200
G1 X17.460 Y-44.400 Z0.000 F200
G1 X17.960 Y-44.400 Z-0.667 F200
G1 X18.460 Y-44.400 Z-1.333 F200
G1 X18.960 Y-44.400 Z-2.000 F200
G1 X21.480 Y-44.400 Z-2.000 F1200
G0 Z2.000
G0 X19.680 Y-45.000
G1 X19.400 Y-45.000 Z1.333 F200
G1 X19.120 Y-45.000 Z0.667 F200
G1 X18.840 Y-45.000 Z0.000 F200
G1 X18.560 Y-45.000 Z-0.667 F200
G1 X18.280 Y-45.000 Z-1.333 F200
G1 X18.000 Y-45.000 Z-2.000 F200
G1 X18.000 Y-45.000 Z-2.000 F1200
G0 Z2.000
G0 X7.920 Y-45.000
G1 X7.420 Y-45.000 Z1.333 F200
G1 X6.920 Y-45.000 Z0.667 F200
G1 X6.420 Y-45.000 Z0.000 F200
G1 X5.920 Y-45.000 Z-0.667 F200
G1 X5.420 Y-45.000 Z-1.333 F200
G1 X4.920 Y-45.000 Z-2.000 F200
G1 X2.760 Y-45.000 Z-2.000 F1200
G0 Z2.000
G0 X3.000 Y-45.600
G1 X3.500 Y-45.600 Z1.333 F200
G1 X4.000 Y-45.600 Z0.667 F200
G1 X4.500 Y-45.600 Z0.000 F200
G1 X5.000 Y-45.600 Z-0.667 F200
G1 X5.500 Y-45.600 Z-1.333 F200
G1 X6.000 Y-45.600 Z-2.000 F200
G1 X8.160 Y-45.600 Z-2.000 F1200
G0 Z2.000
G0 X17.760 Y-45.600
G1 X18.040 Y-45.600 Z1.333 F200
G1 X18.320 Y-45.600 Z0.667 F200
G1 X18.600 Y-45.600 Z0.000 F200
G1 X18.880 Y-45.600 Z-0.667 F200
G1 X19.160 Y-45.600 Z-1.333 F200
G1 X19.440 Y-45.600 Z-2.000 F200
G1 X19.440 Y-45.600 Z-2.000 F1200
G0 Z2.000
G0 X19.200 Y-46.200
G1 X18.920 Y-46.200 Z1.333 F200
G1 X18.640 Y-46.200 Z0.667 F200
G1 X18.360 Y-46.200 Z0.000 F200
G1 X18.080 Y-46.200 Z-0.667 F200
G1 X17.800 Y-46.200 Z-1.333 F200
G1 X17.520 Y-46.200 Z-2.000 F200
G1 X17.520 Y-46.200 Z-2.000 F1200
G0 Z2.000
G0 X8.400 Y-46.200
G1 X7.900 Y-46.200 Z1.333 F200
G1 X7.400 Y-46.200 Z0.667 F200
G1 X6.900 Y-46.200 Z0.000 F200
G1 X6.400 Y-46.200 Z-0.667 F200
G1 X5.900 Y-46.200 Z-1.333 F200
G1 X5.400 Y-46.200 Z-2.000 F200
G1 X3.240 Y-46.200 Z-2.000 F1200
G0 Z2.000
G0 X3.480 Y-46.800
G1 X3.980 Y-46.800 Z1.333 F200
G1 X4.480 Y-46.800 Z0.667 F200
G1 X4.980 Y-46.800 Z0.000 F200
G1 X5.480 Y-46.800 Z-0.667 F200
G1 X5.980 Y-46.800 Z-1.333 F200
G1 X6.480 Y-46.800 Z-2.000 F200
G1 X8.640 Y-46.800 Z-2.000 F1200
G0 Z2.000
G0 X17.280 Y-46.800
G1 X17.560 Y-46.800 Z1.333 F200
G1 X17.840 Y-46.800 Z0.667 F200
G1 X18.120 Y-46.800 Z0.000 F200
G1 X18.400 Y-46.800 Z-0.667 F200
G1 X18.680 Y-46.800 Z-1.333 F200
G1 X18.960 Y-46.800 Z-2.000 F200
G1 X18.960 Y-46.800 Z-2.000 F1200
G0 Z2.000
G0 X18.720 Y-47.400
G1 X18.440 Y-47.400 Z1.333 F200
G1 X18.160 Y-47.400 Z0.667 F200
G1 X17.880 Y-47.400 Z0.000 F200
G1 X17.600 Y-47.400 Z-0.667 F200
G1 X17.320 Y-47.400 Z-1.333 F200
G1 X17.040 Y-47.400 Z-2.000 F200
G1 X17.040 Y-47.400 Z-2.000 F1200
G0 Z2.000
G0 X8.880 Y-47.400
G1 X8.380 Y-47.400 Z1.333 F200
G1 X7.880 Y-47.400 Z0.667 F200
G1 X7.380 Y-47.400 Z0.000 F200
G1 X6.880 Y-47.400 Z-0.667 F200
G1 X6.380 Y-47.400 Z-1.333 F200
G1 X5.880 Y-47.400 Z-2.000 F200
G1 X3.720 Y-47.400 Z-2.000 F1200
G0 Z2.000
G0 X3.960 Y-48.000
G1 X4.460 Y-48.000 Z1.333 F200
G1 X4.960 Y-48.000 Z0.667 F200
G1 X5.460 Y-48.000 Z0.000 F200
G1 X5.960 Y-48.000 Z-0.667 F200
G1 X6.460 Y-48.000 Z-1.333 F200
G1 X6.960 Y-48.000 Z-2.000 F200
G1 X9.120 Y-48.000 Z-2.000 F1200
G0 Z2.000
G0 X16.800 Y-48.000
G1 X17.080 Y-48.000 Z1.333 F200
G1 X17.360 Y-48.000 Z0.667 F200
G1 X17.640 Y-48.000 Z0.000 F200
G1 X17.920 Y-48.000 Z-0.667 F200
G1 X18.200 Y-48.000 Z-1.333 F200
G1 X18.480 Y-48.000 Z-2.000 F200
G1 X18.480 Y-48.000 Z-2.000 F1200
G0 Z2.000
G0 X18.240 Y-48.600
G1 X17.960 Y-48.600 Z1.333 F200
G1 X17.680 Y-48.600 Z0.667 F200
G1 X17.400 Y-48.600 Z0.000 F200
G1 X17.120 Y-48.600 Z-0.667 F200
G1 X16.840 Y-48.600 Z-1.333 F200
G1 X16.560 Y-48.600 Z-2.000 F200
G1 X16.560 Y-48.600 Z-2.000 F1200
G0 Z2.000
G0 X9.360 Y-48.600
G1 X8.860 Y-48.600 Z1.333 F200
G1 X8.360 Y-48.600 Z0.667 F200
G1 X7.860 Y-48.600 Z0.000 F200
G1 X7.360 Y-48.600 Z-0.667 F200
G1 X6.860 Y-48.600 Z-1.333 F200
G1 X6.360 Y-48.600 Z-2.000 F200
G1 X4.320 Y-48.600 Z-2.000 F1200
G0 Z2.000
G0 X4.560 Y-49.200
G1 X5.060 Y-49.200 Z1.333 F200
G1 X5.560 Y-49.200 Z0.667 F200
G1 X6.060 Y-49.200 Z0.000 F200
G1 X6.560 Y-49.200 Z-0.667 F200
G1 X7.060 Y-49.200 Z-1.333 F200
G1 X7.560 Y-49.200 Z-2.000 F200
G1 X9.600 Y-49.200 Z-2.000 F1200
G0 Z2.000
G0 X16.320 Y-49.200
G1 X16.600 Y-49.200 Z1.333 F200
G1 X16.880 Y-49.200 Z0.667 F200
G1 X17.160 Y-49.200 Z0.000 F200
G1 X17.440 Y-49.200 Z-0.667 F200
G1 X17.720 Y-49.200 Z-1.333 F200
G1 X18.000 Y-49.200 Z-2.000 F200
G1 X18.000 Y-49.200 Z-2.000 F1200
G0 Z2.000
G0 X17.760 Y-49.800
G1 X17.480 Y-49.800 Z1.333 F200
G1 X17.200 Y-49.800 Z0.667 F200
G1 X16.920 Y-49.800 Z0.000 F200
G1 X16.640 Y-49.800 Z-0.667 F200
G1 X16.360 Y-49.800 Z-1.333 F200
G1 X16.080 Y-49.800 Z-2.000 F200
G1 X16.080 Y-49.800 Z-2.000 F1200
G0 Z2.000
G0 X9.840 Y-49.800
G1 X9.340 Y-49.800 Z1.333 F200
G1 X8.840 Y-49.800 Z0.667 F200
G1 X8.340 Y-49.800 Z0.000 F200
G1 X7.840 Y-49.800 Z-0.667 F200
G1 X7.340 Y-49.800 Z-1.333 F200
G1 X6.840 Y-49.800 Z-2.000 F200
G1 X4.800 Y-49.800 Z-2.000 F1200
G0 Z2.000
G0 X5.040 Y-50.400
G1 X5.540 Y-50.400 Z1.333 F200
G1 X6.040 Y-50.400 Z0.667 F200
G1 X6.540 Y-50.400 Z0.000 F200
G1 X7.040 Y-50.400 Z-0.667 F200
G1 X7.540 Y-50.400 Z-1.333 F200
G1 X8.040 Y-50.400 Z-2.000 F200
G1 X10.080 Y-50.400 Z-2.000 F1200
G0 Z2.000
G0 X15.840 Y-50.400
G1 X16.120 Y-50.400 Z1.333 F200
G1 X16.400 Y-50.400 Z0.667 F200
G1 X16.680 Y-50.400 Z0.000 F200
G1 X16.960 Y-50.400 Z-0.667 F200
G1 X17.240 Y-50.400 Z-1.333 F200
G1 X17.520 Y-50.400 Z-2.000 F200
G1 X17.520 Y-50.400 Z-2.000 F1200
G0 Z2.000
G0 X17.280 Y-51.000
G1 X17.000 Y-51.000 Z1.333 F200
G1 X16.720 Y-51.000 Z0.667 F200
G1 X16.440 Y-51.000 Z0.000 F200
G1 X16.160 Y-51.000 Z-0.667 F200
G1 X15.880 Y-51.000 Z-1.333 F200
G1 X15.600 Y-51.000 Z-2.000 F200
G1 X15.600 Y-51.000 Z-2.000 F1200
G0 Z2.000
G0 X10.320 Y-51.000
G1 X9.820 Y-51.000 Z1.333 F200
G1 X9.320 Y-51.000 Z0.667 F200
G1 X8.820 Y-51.000 Z0.000 F200
G1 X8.320 Y-51.000 Z-0.667 F200
G1 X7.820 Y-51.000 Z-1.333 F200
G1 X7.320 Y-51.000 Z-2.000 F200
G1 X5.280 Y-51.000 Z-2.000 F1200
G0 Z2.000
G0 X5.520 Y-51.600
G1 X6.020 Y-51.600 Z1.333 F200
G1 X6.520 Y-51.600 Z0.667 F200
G1 X7.020 Y-51.600 Z0.000 F200
G1 X7.520 Y-51.600 Z-0.667 F200
G1 X8.020 Y-51.600 Z-1.333 F200
G1 X8.520 Y-51.600 Z-2.000 F200
G1 X10.560 Y-51.600 Z-2.000 F1200
G0 Z2.000
G0 X15.360 Y-51.600
G1 X15.640 Y-51.600 Z1.333 F200
G1 X15.920 Y-51.600 Z0.667 F200
G1 X16.200 Y-51.600 Z0.000 F200
G1 X16.480 Y-51.600 Z-0.667 F200
G1 X16.760 Y-51.600 Z-1.333 F200
G1 X17.040 Y-51.600 Z-2.000 F200
G1 X17.040 Y-51.600 Z-2.000 F1200
G0 Z2.000
G0 X16.800 Y-52.200
G1 X16.520 Y-52.200 Z1.333 F200
G1 X16.240 Y-52.200 Z0.667 F200
G1 X15.960 Y-52.200 Z0.000 F200
G1 X15.680 Y-52.200 Z-0.667 F200
G1 X15.400 Y-52.200 Z-1.333 F200
G1 X15.120 Y-52.200 Z-2.000 F200
G1 X15.120 Y-52.200 Z-2.000 F1200
G0 Z2.000
G0 X10.800 Y-52.200
G1 X10.300 Y-52.200 Z1.333 F200
G1 X9.800 Y-52.200 Z0.667 F200
G1 X9.300 Y-52.200 Z0.000 F200
G1 X8.800 Y-52.200 Z-0.667 F200
G1 X8.300 Y-52.200 Z-1.333 F200
G1 X7.800 Y-52.200 Z-2.000 F200
G1 X5.760 Y-52.200 Z-2.000 F1200
G0 Z2.000
G0 X6.000 Y-52.800
G1 X6.500 Y-52.800 Z1.333 F200
G1 X7.000 Y-52.800 Z0.667 F200
G1 X7.500 Y-52.800 Z0.000 F200
G1 X8.000 Y-52.800 Z-0.667 F200
G1 X8.500 Y-52.800 Z-1.333 F200
G1 X9.000 Y-52.800 Z-2.000 F200
G1 X11.160 Y-52.800 Z-2.000 F1200
G0 Z2.000
G0 X14.880 Y-52.800
G1 X15.160 Y-52.800 Z1.333 F200
G1 X15.440 Y-52.800 Z0.667 F200
G1 X15.720 Y-52.800 Z0.000 F200
G1 X16.000 Y-52.800 Z-0.667 F200
G1 X16.280 Y-52.800 Z-1.333 F200
G1 X16.560 Y-52.800 Z-2.000 F200
G1 X16.560 Y-52.800 Z-2.000 F1200
G0 Z2.000
G0 X16.320 Y-53.400
G1 X16.040 Y-53.400 Z1.333 F200
G1 X15.760 Y-53.400 Z0.667 F200
G1 X15.480 Y-53.400 Z0.000 F200
G1 X15.200 Y-53.400 Z-0.667 F200
G1 X14.920 Y-53.400 Z-1.333 F200
G1 X14.640 Y-53.400 Z-2.000 F200
G1 X14.640 Y-53.400 Z-2.000 F1200
G0 Z2.000
G0 X11.400 Y-53.400
G1 X10.900 Y-53.400 Z1.333 F200
G1 X10.400 Y-53.400 Z0.667 F200
G1 X9.900 Y-53.400 Z0.000 F200
G1 X9.400 Y-53.400 Z-0.667 F200
G1 X8.900 Y-53.400 Z-1.333 F200
G1 X8.400 Y-53.400 Z-2.000 F200
G1 X6.240 Y-53.400 Z-2.000 F1200
G0 Z2.000
G0 X6.480 Y-54.000
G1 X6.980 Y-54.000 Z1.333 F200
G1 X7.480 Y-54.000 Z0.667 F200
G1 X7.980 Y-54.000 Z0.000 F200
G1 X8.480 Y-54.000 Z-0.667 F200
G1 X8.980 Y-54.000 Z-1.333 F200
G1 X9.480 Y-54.000 Z-2.000 F200
G1 X11.640 Y-54.000 Z-2.000 F1200
G0 Z2.000
G0 X14.400 Y-54.000
G1 X14.680 Y-54.000 Z1.333 F200
G1 X14.960 Y-54.000 Z0.667 F200
G1 X15.240 Y-54.000 Z0.000 F200
G1 X15.520 Y-54.000 Z-0.667 F200
G1 X15.800 Y-54.000 Z-1.333 F200
G1 X16.080 Y-54.000 Z-2.000 F200
G1 X16.080 Y-54.000 Z-2.000 F1200
G0 Z2.000
G0 X15.840 Y-54.600
G1 X15.540 Y-54.600 Z1.333 F200
G1 X15.240 Y-54.600 Z0.667 F200
G1 X14.940 Y-54.600 Z0.000 F200
G1 X14.640 Y-54.600 Z-0.667 F200
G1 X14.340 Y-54.600 Z-1.333 F200
G1 X14.040 Y-54.600 Z-2.000 F200
G1 X14.040 Y-54.600 Z-2.000 F1200
G0 Z2.000
G0 X11.880 Y-54.600
G1 X11.380 Y-54.600 Z1.333 F200
G1 X10.880 Y-54.600 Z0.667 F200
G1 X10.380 Y-54.600 Z0.000 F200
G1 X9.880 Y-54.600 Z-0.667 F200
G1 X9.380 Y-54.600 Z-1.333 F200
G1 X8.880 Y-54.600 Z-2.000 F200
G1 X6.720 Y-54.600 Z-2.000 F1200
G0 Z2.000
G0 X6.960 Y-55.200
G1 X7.460 Y-55.200 Z1.333 F200
G1 X7.960 Y-55.200 Z0.667 F200
G1 X8.460 Y-55.200 Z0.000 F200
G1 X8.960 Y-55.200 Z-0.667 F200
G1 X9.460 Y-55.200 Z-1.333 F200
G1 X9.960 Y-55.200 Z-2.000 F200
G1 X12.120 Y-55.200 Z-2.000 F1200
G0 Z2.000
G0 X13.800 Y-55.200
G1 X14.080 Y-55.200 Z1.333 F200
G1 X14.360 Y-55.200 Z0.667 F200
G1 X14.640 Y-55.200 Z0.000 F200
G1 X14.920 Y-55.200 Z-0.667 F200
G1 X15.200 Y-55.200 Z-1.333 F200
G1 X15.480 Y-55.200 Z-2.000 F200
G1 X15.480 Y-55.200 Z-2.000 F1200
G0 Z2.000
G0 X15.240 Y-55.800
G1 X14.960 Y-55.800 Z1.333 F200
G1 X14.680 Y-55.800 Z0.667 F200
G1 X14.400 Y-55.800 Z0.000 F200
G1 X14.120 Y-55.800 Z-0.667 F200
G1 X13.840 Y-55.800 Z-1.333 F200
G1 X13.560 Y-55.800 Z-2.000 F200
G1 X13.560 Y-55.800 Z-2.000 F1200
G0 Z2.000
G0 X12.360 Y-55.800
G1 X11.860 Y-55.800 Z1.333 F200
G1 X11.360 Y-55.800 Z0.667 F200
G1 X10.860 Y-55.800 Z0.000 F200
G1 X10.360 Y-55.800 Z-0.667 F200
G1 X9.860 Y-55.800 Z-1.333 F200
G1 X9.360 Y-55.800 Z-2.000 F200
G1 X7.200 Y-55.800 Z-2.000 F1200
G0 Z2.000
G0 X7.440 Y-56.400
G1 X7.940 Y-56.400 Z1.333 F200
G1 X8.440 Y-56.400 Z0.667 F200
G1 X8.940 Y-56.400 Z0.000 F200
G1 X9.440 Y-56.400 Z-0.667 F200
G1 X9.940 Y-56.400 Z-1.333 F200
G1 X10.440 Y-56.400 Z-2.000 F200
G1 X12.600 Y-56.400 Z-2.000 F1200
G0 Z2.000
G0 X13.320 Y-56.400
G1 X13.600 Y-56.400 Z1.333 F200
G1 X13.880 Y-56.400 Z0.667 F200
G1 X14.160 Y-56.400 Z0.000 F200
G1 X14.440 Y-56.400 Z-0.667 F200
G1 X14.720 Y-56.400 Z-1.333 F200
G1 X15.000 Y-56.400 Z-2.000 F200
G1 X15.000 Y-56.400 Z-2.000 F1200
G0 Z2.000
G0 X14.760 Y-57.000
G1 X14.480 Y-57.000 Z1.333 F200
G1 X14.200 Y-57.000 Z0.667 F200
G1 X13.920 Y-57.000 Z0.000 F200
G1 X13.640 Y-57.000 Z-0.667 F200
G1 X13.360 Y-57.000 Z-1.333 F200
G1 X13.080 Y-57.000 Z-2.000 F200
G1 X13.080 Y-57.000 Z-2.000 F1200
G0 Z2.000
G0 X12.840 Y-57.000
G1 X12.340 Y-57.000 Z1.333 F200
G1 X11.840 Y-57.000 Z0.667 F200
G1 X11.340 Y-57.000 Z0.000 F200
G1 X10.840 Y-57.000 Z-0.667 F200
G1 X10.340 Y-57.000 Z-1.333 F200
G1 X9.840 Y-57.000 Z-2.000 F200
G1 X7.680 Y-57.000 Z-2.000 F1200
G0 Z2.000
G0 X7.920 Y-57.600
G1 X8.420 Y-57.600 Z1.333 F200
G1 X8.920 Y-57.600 Z0.667 F200
G1 X9.420 Y-57.600 Z0.000 F200
G1 X9.920 Y-57.600 Z-0.667 F200
G1 X10.420 Y-57.600 Z-1.333 F200
G1 X10.920 Y-57.600 Z-2.000 F200
G1 X14.520 Y-57.600 Z-2.000 F1200
G0 Z2.000
G0 X14.280 Y-58.200
G1 X13.780 Y-58.200 Z1.333 F200
G1 X13.280 Y-58.200 Z0.667 F200
G1 X12.780 Y-58.200 Z0.000 F200
G1 X12.280 Y-58.200 Z-0.667 F200
G1 X11.780 Y-58.200 Z-1.333 F200
G1 X11.280 Y-58.200 Z-2.000 F200
G1 X8.160 Y-58.200 Z-2.000 F1200
G0 Z2.000
G0 X8.400 Y-58.800
G1 X8.900 Y-58.800 Z1.333 F200
G1 X9.400 Y-58.800 Z0.667 F200
G1 X9.900 Y-58.800 Z0.000 F200
G1 X10.400 Y-58.800 Z-0.667 F200
G1 X10.900 Y-58.800 Z-1.333 F200
G1 X11.400 Y-58.800 Z-2.000 F200
G1 X14.040 Y-58.800 Z-2.000 F1200
G0 Z2.000
G0 X13.800 Y-59.400
G1 X13.300 Y-59.400 Z1.333 F200
G1 X12.800 Y-59.400 Z0.667 F200
G1 X12.300 Y-59.400 Z0.000 F200
G1 X11.800 Y-59.400 Z-0.667 F200
G1 X11.300 Y-59.400 Z-1.333 F200
G1 X10.800 Y-59.400 Z-2.000 F200
G1 X8.640 Y-59.400 Z-2.000 F1200
G0 Z2.000
G0 X8.880 Y-60.000
G1 X9.380 Y-60.000 Z1.333 F200
G1 X9.880 Y-60.000 Z0.667 F200
G1 X10.380 Y-60.000 Z0.000 F200
G1 X10.880 Y-60.000 Z-0.667 F200
G1 X11.380 Y-60.000 Z-1.333 F200
G1 X11.880 Y-60.000 Z-2.000 F200
G1 X13.560 Y-60.000 Z-2.000 F1200
G0 Z2.000
G0 X13.320 Y-60.600
G1 X12.820 Y-60.600 Z1.333 F200
G1 X12.320 Y-60.600 Z0.667 F200
G1 X11.820 Y-60.600 Z0.000 F200
G1 X11.320 Y-60.600 Z-0.667 F200
G1 X10.820 Y-60.600 Z-1.333 F200
G1 X10.320 Y-60.600 Z-2.000 F200
G1 X9.120 Y-60.600 Z-2.000 F1200
G0 Z2.000
G0 X9.480 Y-61.200
G1 X9.980 Y-61.200 Z1.333 F200
G1 X10.480 Y-61.200 Z0.667 F200
G1 X10.980 Y-61.200 Z0.000 F200
G1 X11.480 Y-61.200 Z-0.667 F200
G1 X11.980 Y-61.200 Z-1.333 F200
G1 X12.480 Y-61.200 Z-2.000 F200
G1 X13.080 Y-61.200 Z-2.000 F1200
G0 Z2.000
G0 X12.840 Y-61.800
G1 X12.340 Y-61.800 Z1.333 F200
G1 X11.840 Y-61.800 Z0.667 F200
G1 X11.340 Y-61.800 Z0.000 F200
G1 X10.840 Y-61.800 Z-0.667 F200
G1 X10.340 Y-61.800 Z-1.333 F200
G1 X9.840 Y-61.800 Z-2.000 F200
G1 X9.720 Y-61.800 Z-2.000 F1200
G0 Z2.000
G0 Z2.000
G0 X15.900 Y-43.200
G1 X15.900 Y-43.200 Z2.000 F200
G1 X15.900 Y-43.320 Z1.000 F200
G1 X15.900 Y-43.440 Z0.000 F200
G1 X15.900 Y-43.560 Z-1.000 F200
G1 X15.900 Y-43.680 Z-2.000 F200
G1 X15.900 Y-43.800 Z-2.000 F1200
G1 X15.900 Y-43.920 Z-2.000 F1200
G1 X15.900 Y-44.040 Z-2.000 F1200
G1 X15.900 Y-44.160 Z-2.000 F1200
G1 X15.900 Y-44.280 Z-2.000 F1200
G1 X15.900 Y-44.400 Z-2.000 F1200
G1 X15.840 Y-44.460 Z-2.000 F1200
G1 X15.780 Y-44.520 Z-2.000 F1200
G1 X15.840 Y-44.580 Z-2.000 F1200
G1 X15.900 Y-44.640 Z-2.000 F1200
G1 X15.960 Y-44.700 Z-2.000 F1200
G1 X16.080 Y-44.700 Z-2.000 F1200
G1 X16.200 Y-44.700 Z-2.000 F1200
G1 X16.320 Y-44.700 Z-2.000 F1200
G1 X16.440 Y-44.700 Z-2.000 F1200
G1 X16.560 Y-44.700 Z-2.000 F1200
G1 X16.680 Y-44.700 Z-2.000 F1200
G1 X16.800 Y-44.700 Z-2.000 F1200
G1 X16.920 Y-44.700 Z-2.000 F1200
G1 X17.040 Y-44.700 Z-2.000 F1200
G1 X17.160 Y-44.700 Z-2.000 F1200
G1 X17.280 Y-44.700 Z-2.000 F1200
G1 X17.400 Y-44.700 Z-2.000 F1200
G1 X17.520 Y-44.700 Z-2.000 F1200
G1 X17.640 Y-44.700 Z-2.000 F1200
G1 X17.760 Y-44.700 Z-2.000 F1200
G1 X17.880 Y-44.700 Z-2.000 F1200
G1 X18.000 Y-44.700 Z-2.000 F1200
G1 X18.060 Y-44.760 Z-2.000 F1200
G1 X18.060 Y-44.880 Z-2.000 F1200
G1 X18.000 Y-44.940 Z-2.000 F1200
G1 X17.940 Y-45.000 Z-2.000 F1200
G1 X17.940 Y-45.120 Z-2.000 F1200
G1 X17.880 Y-45.180 Z-2.000 F1200
G1 X17.820 Y-45.240 Z-2.000 F1200
G1 X17.820 Y-45.360 Z-2.000 F1200
G1 X17.820 Y-45.480 Z-2.000 F1200
G1 X17.760 Y-45.540 Z-2.000 F1200
G1 X17.700 Y-45.600 Z-2.000 F1200
G1 X17.700 Y-45.720 Z-2.000 F1200
G1 X17.640 Y-45.780 Z-2.000 F1200
G1 X17.580 Y-45.840 Z-2.000 F1200
G1 X17.580 Y-45.960 Z-2.000 F1200
G1 X17.580 Y-46.080 Z-2.000 F1200
G1 X17.520 Y-46.140 Z-2.000 F1200
G1 X17.460 Y-46.200 Z-2.000 F1200
G1 X17.460 Y-46.320 Z-2.000 F1200
G1 X17.400 Y-46.380 Z-2.000 F1200
G1 X17.340 Y-46.440 Z-2.000 F1200
G1 X17.340 Y-46.560 Z-2.000 F1200
G1 X17.340 Y-46.680 Z-2.000 F1200
G1 X17.280 Y-46.740 Z-2.000 F1200
G1 X17.220 Y-46.800 Z-2.000 F1200
G1 X17.220 Y-46.920 Z-2.000 F1200
G1 X17.160 Y-46.980 Z-2.000 F1200
G1 X17.100 Y-47.040 Z-2.000 F1200
G1 X17.100 Y-47.160 Z-2.000 F1200
G1 X17.040 Y-47.220 Z-2.000 F1200
G1 X16.980 Y-47.280 Z-2.000 F1200
G1 X16.980 Y-47.400 Z-2.000 F1200
G1 X16.980 Y-47.520 Z-2.000 F1200
G1 X16.920 Y-47.580 Z-2.000 F1200
G1 X16.860 Y-47.640 Z-2.000 F1200
G1 X16.860 Y-47.760 Z-2.000 F1200
G1 X16.800 Y-47.820 Z-2.000 F1200
G1 X16.740 Y-47.880 Z-2.000 F1200
G1 X16.740 Y-48.000 Z-2.000 F1200
G1 X16.740 Y-48.120 Z-2.000 F1200
G1 X16.680 Y-48.180 Z-2.000 F1200
G1 X16.620 Y-48.240 Z-2.000 F1200
G1 X16.620 Y-48.360 Z-2.000 F1200
G1 X16.560 Y-48.420 Z-2.000 F1200
G1 X16.500 Y-48.480 Z-2.000 F1200
G1 X16.500 Y-48.600 Z-2.000 F1200
G1 X16.500 Y-48.720 Z-2.000 F1200
G1 X16.440 Y-48.780 Z-2.000 F1200
G1 X16.380 Y-48.840 Z-2.000 F1200
G1 X16.380 Y-48.960 Z-2.000 F1200
G1 X16.320 Y-49.020 Z-2.000 F1200
G1 X16.260 Y-49.080 Z-2.000 F1200
G1 X16.260 Y-49.200 Z-2.000 F1200
G1 X16.260 Y-49.320 Z-2.000 F1200
G1 X16.200 Y-49.380 Z-2.000 F1200
G1 X16.140 Y-49.440 Z-2.000 F1200
G1 X16.140 Y-49.560 Z-2.000 F1200
G1 X16.080 Y-49.620 Z-2.000 F1200
G1 X16.020 Y-49.680 Z-2.000 F1200
G1 X16.020 Y-49.800 Z-2.000 F1200
G1 X15.960 Y-49.860 Z-2.000 F1200
G1 X15.900 Y-49.920 Z-2.000 F1200
G1 X15.900 Y-50.040 Z-2.000 F1200
G1 X15.900 Y-50.160 Z-2.000 F1200
G1 X15.840 Y-50.220 Z-2.000 F1200
G1 X15.780 Y-50.280 Z-2.000 F1200
G1 X15.780 Y-50.400 Z-2.000 F1200
G1 X15.720 Y-50.460 Z-2.000 F1200
G1 X15.660 Y-50.520 Z-2.000 F1200
G1 X15.660 Y-50.640 Z-2.000 F1200
G1 X15.660 Y-50.760 Z-2.000 F1200
G1 X15.600 Y-50.820 Z-2.000 F1200
G1 X15.540 Y-50.880 Z-2.000 F1200
G1 X15.540 Y-51.000 Z-2.000 F1200
G1 X15.480 Y-51.060 Z-2.000 F1200
G1 X15.420 Y-51.120 Z-2.000 F1200
G1 X15.420 Y-51.240 Z-2.000 F1200
G1 X15.420 Y-51.360 Z-2.000 F1200
G1 X15.360 Y-51.420 Z-2.000 F1200
G1 X15.300 Y-51.480 Z-2.000 F1200
G1 X15.300 Y-51.600 Z-2.000 F1200
G1 X15.240 Y-51.660 Z-2.000 F1200
G1 X15.180 Y-51.720 Z-2.000 F1200
G1 X15.180 Y-51.840 Z-2.000 F1200
G1 X15.120 Y-51.900 Z-2.000 F1200
G1 X15.060 Y-51.960 Z-2.000 F1200
G1 X15.060 Y-52.080 Z-2.000 F1200
G1 X15.060 Y-52.200 Z-2.000 F1200
G1 X15.000 Y-52.260 Z-2.000 F1200
G1 X14.940 Y-52.320 Z-2.000 F1200
G1 X14.940 Y-52.440 Z-2.000 F1200
G1 X14.880 Y-52.500 Z-2.000 F1200
G1 X14.820 Y-52.560 Z-2.000 F1200
G1 X14.820 Y-52.680 Z-2.000 F1200
G1 X14.820 Y-52.800 Z-2.000 F1200
G1 X14.760 Y-52.860 Z-2.000 F1200
G1 X14.700 Y-52.920 Z-2.000 F1200
G1 X14.700 Y-53.040 Z-2.000 F1200
G1 X14.640 Y-53.100 Z-2.000 F1200
G1 X14.580 Y-53.160 Z-2.000 F1200
G1 X14.580 Y-53.280 Z-2.000 F1200
G1 X14.580 Y-53.400 Z-2.000 F1200
G1 X14.520 Y-53.460 Z-2.000 F1200
G1 X14.460 Y-53.520 Z-2.000 F1200
G1 X14.460 Y-53.640 Z-2.000 F1200
G1 X14.400 Y-53.700 Z-2.000 F1200
G1 X14.340 Y-53.760 Z-2.000 F1200
G1 X14.340 Y-53.880 Z-2.000 F1200
G1 X14.340 Y-54.000 Z-2.000 F1200
G1 X14.280 Y-54.060 Z-2.000 F1200
G1 X14.220 Y-54.120 Z-2.000 F1200
G1 X14.220 Y-54.240 Z-2.000 F1200
G1 X14.160 Y-54.300 Z-2.000 F1200
G1 X14.100 Y-54.360 Z-2.000 F1200
G1 X14.100 Y-54.480 Z-2.000 F1200
G1 X14.040 Y-54.540 Z-2.000 F1200
G1 X13.980 Y-54.600 Z-2.000 F1200
G1 X13.980 Y-54.720 Z-2.000 F1200
G1 X13.980 Y-54.840 Z-2.000 F1200
G1 X13.920 Y-54.900 Z-2.000 F1200
G1 X13.860 Y-54.960 Z-2.000 F1200
G1 X13.860 Y-55.080 Z-2.000 F1200
G1 X13.800 Y-55.140 Z-2.000 F1200
G1 X13.740 Y-55.200 Z-2.000 F1200
G1 X13.740 Y-55.320 Z-2.000 F1200
G1 X13.740 Y-55.440 Z-2.000 F1200
G1 X13.680 Y-55.500 Z-2.000 F1200
G1 X13.620 Y-55.560 Z-2.000 F1200
G1 X13.620 Y-55.680 Z-2.000 F1200
G1 X13.560 Y-55.740 Z-2.000 F1200
G1 X13.500 Y-55.800 Z-2.000 F1200
G1 X13.500 Y-55.920 Z-2.000 F1200
G1 X13.500 Y-56.040 Z-2.000 F1200
G1 X13.440 Y-56.100 Z-2.000 F1200
G1 X13.380 Y-56.160 Z-2.000 F1200
G1 X13.380 Y-56.280 Z-2.000 F1200
G1 X13.320 Y-56.340 Z-2.000 F1200
G1 X13.260 Y-56.400 Z-2.000 F1200
G1 X13.260 Y-56.520 Z-2.000 F1200
G1 X13.260 Y-56.640 Z-2.000 F1200
G1 X13.200 Y-56.700 Z-2.000 F1200
G1 X13.140 Y-56.760 Z-2.000 F1200
G1 X13.140 Y-56.880 Z-2.000 F1200
G1 X13.080 Y-56.940 Z-2.000 F1200
G1 X13.020 Y-57.000 Z-2.000 F1200
G1 X13.020 Y-57.120 Z-2.000 F1200
G1 X12.960 Y-57.180 Z-2.000 F1200
G1 X12.900 Y-57.120 Z-2.000 F1200
G1 X12.900 Y-57.000 Z-2.000 F1200
G1 X12.840 Y-56.940 Z-2.000 F1200
G1 X12.780 Y-56.880 Z-2.000 F1200
G1 X12.780 Y-56.760 Z-2.000 F1200
G1 X12.780 Y-56.640 Z-2.000 F1200
G1 X12.720 Y-56.580 Z-2.000 F1200
G1 X12.660 Y-56.520 Z-2.000 F1200
G1 X12.660 Y-56.400 Z-2.000 F1200
G1 X12.600 Y-56.340 Z-2.000 F1200
G1 X12.540 Y-56.280 Z-2.000 F1200
G1 X12.540 Y-56.160 Z-2.000 F1200
G1 X12.480 Y-56.100 Z-2.000 F1200
G1 X12.420 Y-56.040 Z-2.000 F1200
G1 X12.420 Y-55.920 Z-2.000 F1200
G1 X12.420 Y-55.800 Z-2.000 F1200
G1 X12.360 Y-55.740 Z-2.000 F1200
G1 X12.300 Y-55.680 Z-2.000 F1200
G1 X12.300 Y-55.560 Z-2.000 F1200
G1 X12.240 Y-55.500 Z-2.000 F1200
G1 X12.180 Y-55.440 Z-2.000 F1200
G1 X12.180 Y-55.320 Z-2.000 F1200
G1 X12.180 Y-55.200 Z-2.000 F1200
G1 X12.120 Y-55.140 Z-2.000 F1200
G1 X12.060 Y-55.080 Z-2.000 F1200
G1 X12.060 Y-54.960 Z-2.000 F1200
G1 X12.000 Y-54.900 Z-2.000 F1200
G1 X11.940 Y-54.840 Z-2.000 F1200
G1 X11.940 Y-54.720 Z-2.000 F1200
G1 X11.940 Y-54.600 Z-2.000 F1200
G1 X11.880 Y-54.540 Z-2.000 F1200
G1 X11.820 Y-54.480 Z-2.000 F1200
G1 X11.820 Y-54.360 Z-2.000 F1200
G1 X11.760 Y-54.300 Z-2.000 F1200
G1 X11.700 Y-54.240 Z-2.000 F1200
G1 X11.700 Y-54.120 Z-2.000 F1200
G1 X11.700 Y-54.000 Z-2.000 F1200
G1 X11.640 Y-53.940 Z-2.000 F1200
G1 X11.580 Y-53.880 Z-2.000 F1200
G1 X11.580 Y-53.760 Z-2.000 F1200
G1 X11.520 Y-53.700 Z-2.000 F1200
G1 X11.460 Y-53.640 Z-2.000 F1200
G1 X11.460 Y-53.520 Z-2.000 F1200
G1 X11.460 Y-53.400 Z-2.000 F1200
G1 X11.400 Y-53.340 Z-2.000 F1200
G1 X11.340 Y-53.280 Z-2.000 F1200
G1 X11.340 Y-53.160 Z-2.000 F1200
G1 X11.280 Y-53.100 Z-2.000 F1200
G1 X11.220 Y-53.040 Z-2.000 F1200
G1 X11.220 Y-52.920 Z-2.000 F1200
G1 X11.220 Y-52.800 Z-2.000 F1200
G1 X11.160 Y-52.740 Z-2.000 F1200
G1 X11.100 Y-52.680 Z-2.000 F1200
G1 X11.100 Y-52.560 Z-2.000 F1200
G1 X11.040 Y-52.500 Z-2.000 F1200
G1 X10.980 Y-52.440 Z-2.000 F1200
G1 X10.980 Y-52.320 Z-2.000 F1200
G1 X10.920 Y-52.260 Z-2.000 F1200
G1 X10.860 Y-52.200 Z-2.000 F1200
G1 X10.860 Y-52.080 Z-2.000 F1200
G1 X10.860 Y-51.960 Z-2.000 F1200
G1 X10.800 Y-51.900 Z-2.000 F1200
G1 X10.740 Y-51.840 Z-2.000 F1200
G1 X10.740 Y-51.720 Z-2.000 F1200
G1 X10.680 Y-51.660 Z-2.000 F1200
G1 X10.620 Y-51.600 Z-2.000 F1200
G1 X10.620 Y-51.480 Z-2.000 F1200
G1 X10.620 Y-51.360 Z-2.000 F1200
G1 X10.560 Y-51.300 Z-2.000 F1200
G1 X10.500 Y-51.240 Z-2.000 F1200
G1 X10.500 Y-51.120 Z-2.000 F1200
G1 X10.440 Y-51.060 Z-2.000 F1200
G1 X10.380 Y-51.000 Z-2.000 F1200
G1 X10.380 Y-50.880 Z-2.000 F1200
G1 X10.380 Y-50.760 Z-2.000 F1200
G1 X10.320 Y-50.700 Z-2.000 F1200
G1 X10.260 Y-50.640 Z-2.000 F1200
G1 X10.260 Y-50.520 Z-2.000 F1200
G1 X10.200 Y-50.460 Z-2.000 F1200
G1 X10.140 Y-50.400 Z-2.000 F1200
G1 X10.140 Y-50.280 Z-2.000 F1200
G1 X10.140 Y-50.160 Z-2.000 F1200
G1 X10.080 Y-50.100 Z-2.000 F1200
G1 X10.020 Y-50.040 Z-2.000 F1200
G1 X10.020 Y-49.920 Z-2.000 F1200
G1 X9.960 Y-49.860 Z-2.000 F1200
G1 X9.900 Y-49.800 Z-2.000 F1200
G1 X9.900 Y-49.680 Z-2.000 F1200
G1 X9.900 Y-49.560 Z-2.000 F1200
G1 X9.840 Y-49.500 Z-2.000 F1200
G1 X9.780 Y-49.440 Z-2.000 F1200
G1 X9.780 Y-49.320 Z-2.000 F1200
G1 X9.720 Y-49.260 Z-2.000 F1200
G1 X9.660 Y-49.200 Z-2.000 F1200
G1 X9.660 Y-49.080 Z-2.000 F1200
G1 X9.600 Y-49.020 Z-2.000 F1200
G1 X9.540 Y-48.960 Z-2.000 F1200
G1 X9.540 Y-48.840 Z-2.000 F1200
G1 X9.540 Y-48.720 Z-2.000 F1200
G1 X9.480 Y-48.660 Z-2.000 F1200
G1 X9.420 Y-48.600 Z-2.000 F1200
G1 X9.420 Y-48.480 Z-2.000 F1200
G1 X9.360 Y-48.420 Z-2.000 F1200
G1 X9.300 Y-48.360 Z-2.000 F1200
G1 X9.300 Y-48.240 Z-2.000 F1200
G1 X9.300 Y-48.120 Z-2.000 F1200
G1 X9.240 Y-48.060 Z-2.000 F1200
G1 X9.180 Y-48.000 Z-2.000 F1200
G1 X9.180 Y-47.880 Z-2.000 F1200
G1 X9.120 Y-47.820 Z-2.000 F1200
G1 X9.060 Y-47.760 Z-2.000 F1200
G1 X9.060 Y-47.640 Z-2.000 F1200
G1 X9.060 Y-47.520 Z-2.000 F1200
G1 X9.000 Y-47.460 Z-2.000 F1200
G1 X8.940 Y-47.400 Z-2.000 F1200
G1 X8.940 Y-47.280 Z-2.000 F1200
G1 X8.880 Y-47.220 Z-2.000 F1200
G1 X8.820 Y-47.160 Z-2.000 F1200
G1 X8.820 Y-47.040 Z-2.000 F1200
G1 X8.820 Y-46.920 Z-2.000 F1200
G1 X8.760 Y-46.860 Z-2.000 F1200
G1 X8.700 Y-46.800 Z-2.000 F1200
G1 X8.700 Y-46.680 Z-2.000 F1200
G1 X8.640 Y-46.620 Z-2.000 F1200
G1 X8.580 Y-46.560 Z-2.000 F1200
G1 X8.580 Y-46.440 Z-2.000 F1200
G1 X8.580 Y-46.320 Z-2.000 F1200
G1 X8.520 Y-46.260 Z-2.000 F1200
G1 X8.460 Y-46.200 Z-2.000 F1200
G1 X8.460 Y-46.080 Z-2.000 F1200
G1 X8.400 Y-46.020 Z-2.000 F1200
G1 X8.340 Y-45.960 Z-2.000 F1200
G1 X8.340 Y-45.840 Z-2.000 F1200
G1 X8.280 Y-45.780 Z-2.000 F1200
G1 X8.220 Y-45.720 Z-2.000 F1200
G1 X8.220 Y-45.600 Z-2.000 F1200
G1 X8.220 Y-45.480 Z-2.000 F1200
G1 X8.160 Y-45.420 Z-2.000 F1200
G1 X8.100 Y-45.360 Z-2.000 F1200
G1 X8.100 Y-45.240 Z-2.000 F1200
G1 X8.040 Y-45.180 Z-2.000 F1200
G1 X7.980 Y-45.120 Z-2.000 F1200
G1 X7.980 Y-45.000 Z-2.000 F1200
G1 X7.980 Y-44.880 Z-2.000 F1200
G1 X7.920 Y-44.820 Z-2.000 F1200
G1 X7.860 Y-44.760 Z-2.000 F1200
G1 X7.920 Y-44.700 Z-2.000 F1200
G1 X8.040 Y-44.700 Z-2.000 F1200
G1 X8.160 Y-44.700 Z-2.000 F1200
G1 X8.280 Y-44.700 Z-2.000 F1200
G1 X8.400 Y-44.700 Z-2.000 F1200
G1 X8.520 Y-44.700 Z-2.000 F1200
G1 X8.640 Y-44.700 Z-2.000 F1200
G1 X8.760 Y-44.700 Z-2.000 F1200
G1 X8.880 Y-44.700 Z-2.000 F1200
G1 X9.000 Y-44.700 Z-2.000 F1200
G1 X9.120 Y-44.700 Z-2.000 F1200
G1 X9.240 Y-44.700 Z-2.000 F1200
G1 X9.360 Y-44.700 Z-2.000 F1200
G1 X9.480 Y-44.700 Z-2.000 F1200
G1 X9.600 Y-44.700 Z-2.000 F1200
G1 X9.660 Y-44.640 Z-2.000 F1200
G1 X9.660 Y-44.520 Z-2.000 F1200
G1 X9.660 Y-44.400 Z-2.000 F1200
G1 X9.660 Y-44.280 Z-2.000 F1200
G1 X9.660 Y-44.160 Z-2.000 F1200
G1 X9.660 Y-44.040 Z-2.000 F1200
G1 X9.660 Y-43.920 Z-2.000 F1200
G1 X9.660 Y-43.800 Z-2.000 F1200
G1 X9.660 Y-43.680 Z-2.000 F1200
G1 X9.660 Y-43.560 Z-2.000 F1200
G1 X9.660 Y-43.440 Z-2.000 F1200
G1 X9.660 Y-43.320 Z-2.000 F1200
G0 Z2.000
G0 X0.840 Y-44.700
G1 X0.840 Y-44.700 Z2.000 F200
G1 X0.960 Y-44.700 Z1.000 F200
G1 X1.080 Y-44.700 Z0.000 F200
G1 X1.200 Y-44.700 Z-1.000 F200
G1 X1.320 Y-44.700 Z-2.000 F200
G1 X1.440 Y-44.700 Z-2.000 F1200
G1 X1.560 Y-44.700 Z-2.000 F1200
G1 X1.680 Y-44.700 Z-2.000 F1200
G1 X1.800 Y-44.700 Z-2.000 F1200
G1 X1.920 Y-44.700 Z-2.000 F1200
G1 X2.040 Y-44.700 Z-2.000 F1200
G1 X2.160 Y-44.700 Z-2.000 F1200
G1 X2.280 Y-44.700 Z-2.000 F1200
G1 X2.400 Y-44.700 Z-2.000 F1200
G1 X2.520 Y-44.700 Z-2.000 F1200
G1 X2.580 Y-44.760 Z-2.000 F1200
G1 X2.640 Y-44.820 Z-2.000 F1200
G1 X2.700 Y-44.880 Z-2.000 F1200
G1 X2.700 Y-45.000 Z-2.000 F1200
G1 X2.760 Y-45.060 Z-2.000 F1200
G1 X2.820 Y-45.120 Z-2.000 F1200
G1 X2.820 Y-45.240 Z-2.000 F1200
G1 X2.820 Y-45.360 Z-2.000 F1200
G1 X2.880 Y-45.420 Z-2.000 F1200
G1 X2.940 Y-45.480 Z-2.000 F1200
G1 X2.940 Y-45.600 Z-2.000 F1200
G1 X3.000 Y-45.660 Z-2.000 F1200
G1 X3.060 Y-45.720 Z-2.000 F1200
G1 X3.060 Y-45.840 Z-2.000 F1200
G1 X3.060 Y-45.960 Z-2.000 F1200
G1 X3.120 Y-46.020 Z-2.000 F1200
G1 X3.180 Y-46.080 Z-2.000 F1200
G1 X3.180 Y-46.200 Z-2.000 F1200
G1 X3.240 Y-46.260 Z-2.000 F1200
G1 X3.300 Y-46.320 Z-2.000 F1200
G1 X3.300 Y-46.440 Z-2.000 F1200
G1 X3.360 Y-46.500 Z-2.000 F1200
G1 X3.420 Y-46.560 Z-2.000 F1200
G1 X3.420 Y-46.680 Z-2.000 F1200
G1 X3.420 Y-46.800 Z-2.000 F1200
G1 X3.480 Y-46.860 Z-2.000 F1200
G1 X3.540 Y-46.920 Z-2.000 F1200
G1 X3.540 Y-47.040 Z-2.000 F1200
G1 X3.600 Y-47.100 Z-2.000 F1200
G1 X3.660 Y-47.160 Z-2.000 F1200
G1 X3.660 Y-47.280 Z-2.000 F1200
G1 X3.660 Y-47.400 Z-2.000 F1200
G1 X3.720 Y-47.460 Z-2.000 F1200
G1 X3.780 Y-47.520 Z-2.000 F1200
G1 X3.780 Y-47.640 Z-2.000 F1200
G1 X3.840 Y-47.700 Z-2.000 F1200
G1 X3.900 Y-47.760 Z-2.000 F1200
G1 X3.900 Y-47.880 Z-2.000 F1200
G1 X3.900 Y-48.000 Z-2.000 F1200
G1 X3.960 Y-48.060 Z-2.000 F1200
G1 X4.020 Y-48.120 Z-2.000 F1200
G1 X4.020 Y-48.240 Z-2.000 F1200
G1 X4.080 Y-48.300 Z-2.000 F1200
G1 X4.140 Y-48.360 Z-2.000 F1200
G1 X4.140 Y-48.480 Z-2.000 F1200
G1 X4.200 Y-48.540 Z-2.000 F1200
G1 X4.260 Y-48.600 Z-2.000 F1200
G1 X4.260 Y-48.720 Z-2.000 F1200
G1 X4.260 Y-48.840 Z-2.000 F1200
G1 X4.320 Y-48.900 Z-2.000 F1200
G1 X4.380 Y-48.960 Z-2.000 F1200
G1 X4.380 Y-49.080 Z-2.000 F1200
G1 X4.440 Y-49.140 Z-2.000 F1200
G1 X4.500 Y-49.200 Z-2.000 F1200
G1 X4.500 Y-49.320 Z-2.000 F1200
G1 X4.500 Y-49.440 Z-2.000 F1200
G1 X4.560 Y-49.500 Z-2.000 F1200
G1 X4.620 Y-49.560 Z-2.000 F1200
G1 X4.620 Y-49.680 Z-2.000 F1200
G1 X4.680 Y-49.740 Z-2.000 F1200
G1 X4.740 Y-49.800 Z-2.000 F1200
G1 X4.740 Y-49.920 Z-2.000 F1200
G1 X4.740 Y-50.040 Z-2.000 F1200
G1 X4.800 Y-50.100 Z-2.000 F1200
G1 X4.860 Y-50.160 Z-2.000 F1200
G1 X4.860 Y-50.280 Z-2.000 F1200
G1 X4.920 Y-50.340 Z-2.000 F1200
G1 X4.980 Y-50.400 Z-2.000 F1200
G1 X4.980 Y-50.520 Z-2.000 F1200
G1 X4.980 Y-50.640 Z-2.000 F1200
G1 X5.040 Y-50.700 Z-2.000 F1200
G1 X5.100 Y-50.760 Z-2.000 F1200
G1 X5.100 Y-50.880 Z-2.000 F1200
G1 X5.160 Y-50.940 Z-2.000 F1200
G1 X5.220 Y-51.000 Z-2.000 F1200
G1 X5.220 Y-51.120 Z-2.000 F1200
G1 X5.280 Y-51.180 Z-2.000 F1200
G1 X5.340 Y-51.240 Z-2.000 F1200
G1 X5.340 Y-51.360 Z-2.000 F1200
G1 X5.340 Y-51.480 Z-2.000 F1200
G1 X5.400 Y-51.540 Z-2.000 F1200
G1 X5.460 Y-51.600 Z-2.000 F1200
G1 X5.460 Y-51.720 Z-2.000 F1200
G1 X5.520 Y-51.780 Z-2.000 F1200
G1 X5.580 Y-51.840 Z-2.000 F1200
G1 X5.580 Y-51.960 Z-2.000 F1200
G1 X5.580 Y-52.080 Z-2.000 F1200
G1 X5.640 Y-52.140 Z-2.000 F1200
G1 X5.700 Y-52.200 Z-2.000 F1200
G1 X5.700 Y-52.320 Z-2.000 F1200
G1 X5.760 Y-52.380 Z-2.000 F1200
G1 X5.820 Y-52.440 Z-2.000 F1200
G1 X5.820 Y-52.560 Z-2.000 F1200
G1 X5.820 Y-52.680 Z-2.000 F1200
G1 X5.880 Y-52.740 Z-2.000 F1200
G1 X5.940 Y-52.800 Z-2.000 F1200
G1 X5.940 Y-52.920 Z-2.000 F1200
G1 X6.000 Y-52.980 Z-2.000 F1200
G1 X6.060 Y-53.040 Z-2.000 F1200
G1 X6.060 Y-53.160 Z-2.000 F1200
G1 X6.060 Y-53.280 Z-2.000 F1200
G1 X6.120 Y-53.340 Z-2.000 F1200
G1 X6.180 Y-53.400 Z-2.000 F1200
G1 X6.180 Y-53.520 Z-2.000 F1200
G1 X6.240 Y-53.580 Z-2.000 F1200
G1 X6.300 Y-53.640 Z-2.000 F1200
G1 X6.300 Y-53.760 Z-2.000 F1200
G1 X6.360 Y-53.820 Z-2.000 F1200
G1 X6.420 Y-53.880 Z-2.000 F1200
G1 X6.420 Y-54.000 Z-2.000 F1200
G1 X6.420 Y-54.120 Z-2.000 F1200
G1 X6.480 Y-54.180 Z-2.000 F1200
G1 X6.540 Y-54.240 Z-2.000 F1200
G1 X6.540 Y-54.360 Z-2.000 F1200
G1 X6.600 Y-54.420 Z-2.000 F1200
G1 X6.660 Y-54.480 Z-2.000 F1200
G1 X6.660 Y-54.600 Z-2.000 F1200
G1 X6.660 Y-54.720 Z-2.000 F1200
G1 X6.720 Y-54.780 Z-2.000 F1200
G1 X6.780 Y-54.840 Z-2.000 F1200
G1 X6.780 Y-54.960 Z-2.000 F1200
G1 X6.840 Y-55.020 Z-2.000 F1200
G1 X6.900 Y-55.080 Z-2.000 F1200
G1 X6.900 Y-55.200 Z-2.000 F1200
G1 X6.900 Y-55.320 Z-2.000 F1200
G1 X6.960 Y-55.380 Z-2.000 F1200
G1 X7.020 Y-55.440 Z-2.000 F1200
G1 X7.020 Y-55.560 Z-2.000 F1200
G1 X7.080 Y-55.620 Z-2.000 F1200
G1 X7.140 Y-55.680 Z-2.000 F1200
G1 X7.140 Y-55.800 Z-2.000 F1200
G1 X7.200 Y-55.860 Z-2.000 F1200
G1 X7.260 Y-55.920 Z-2.000 F1200
G1 X7.260 Y-56.040 Z-2.000 F1200
G1 X7.260 Y-56.160 Z-2.000 F1200
G1 X7.320 Y-56.220 Z-2.000 F1200
G1 X7.380 Y-56.280 Z-2.000 F1200
G1 X7.380 Y-56.400 Z-2.000 F1200
G1 X7.440 Y-56.460 Z-2.000 F1200
G1 X7.500 Y-56.520 Z-2.000 F1200
G1 X7.500 Y-56.640 Z-2.000 F1200
G1 X7.500 Y-56.760 Z-2.000 F1200
G1 X7.560 Y-56.820 Z-2.000 F1200
G1 X7.620 Y-56.880 Z-2.000 F1200
G1 X7.620 Y-57.000 Z-2.000 F1200
G1 X7.680 Y-57.060 Z-2.000 F1200
G1 X7.740 Y-57.120 Z-2.000 F1200
G1 X7.740 Y-57.240 Z-2.000 F1200
G1 X7.740 Y-57.360 Z-2.000 F1200
G1 X7.800 Y-57.420 Z-2.000 F1200
G1 X7.860 Y-57.480 Z-2.000 F1200
G1 X7.860 Y-57.600 Z-2.000 F1200
G1 X7.920 Y-57.660 Z-2.000 F1200
G1 X7.980 Y-57.720 Z-2.000 F1200
G1 X7.980 Y-57.840 Z-2.000 F1200
G1 X7.980 Y-57.960 Z-2.000 F1200
G1 X8.040 Y-58.020 Z-2.000 F1200
G1 X8.100 Y-58.080 Z-2.000 F1200
G1 X8.100 Y-58.200 Z-2.000 F1200
G1 X8.160 Y-58.260 Z-2.000 F1200
G1 X8.220 Y-58.320 Z-2.000 F1200
G1 X8.220 Y-58.440 Z-2.000 F1200
G1 X8.280 Y-58.500 Z-2.000 F1200
G1 X8.340 Y-58.560 Z-2.000 F1200
G1 X8.340 Y-58.680 Z-2.000 F1200
G1 X8.340 Y-58.800 Z-2.000 F1200
G1 X8.400 Y-58.860 Z-2.000 F1200
G1 X8.460 Y-58.920 Z-2.000 F1200
G1 X8.460 Y-59.040 Z-2.000 F1200
G1 X8.520 Y-59.100 Z-2.000 F1200
G1 X8.580 Y-59.160 Z-2.000 F1200
G1 X8.580 Y-59.280 Z-2.000 F1200
G1 X8.580 Y-59.400 Z-2.000 F1200
G1 X8.640 Y-59.460 Z-2.000 F1200
G1 X8.700 Y-59.520 Z-2.000 F1200
G1 X8.700 Y-59.640 Z-2.000 F1200
G1 X8.760 Y-59.700 Z-2.000 F1200
G1 X8.820 Y-59.760 Z-2.000 F1200
G1 X8.820 Y-59.880 Z-2.000 F1200
G1 X8.820 Y-60.000 Z-2.000 F1200
G1 X8.880 Y-60.060 Z-2.000 F1200
G1 X8.940 Y-60.120 Z-2.000 F1200
G1 X8.940 Y-60.240 Z-2.000 F1200
G1 X9.000 Y-60.300 Z-2.000 F1200
G1 X9.060 Y-60.360 Z-2.000 F1200
G1 X9.060 Y-60.480 Z-2.000 F1200
G1 X9.060 Y-60.600 Z-2.000 F1200
G1 X9.120 Y-60.660 Z-2.000 F1200
G1 X9.180 Y-60.720 Z-2.000 F1200
G1 X9.180 Y-60.840 Z-2.000 F1200
G1 X9.240 Y-60.900 Z-2.000 F1200
G1 X9.300 Y-60.960 Z-2.000 F1200
G1 X9.300 Y-61.080 Z-2.000 F1200
G1 X9.360 Y-61.140 Z-2.000 F1200
G1 X9.420 Y-61.200 Z-2.000 F1200
G1 X9.420 Y-61.320 Z-2.000 F1200
G1 X9.420 Y-61.440 Z-2.000 F1200
G1 X9.480 Y-61.500 Z-2.000 F1200
G1 X9.540 Y-61.560 Z-2.000 F1200
G1 X9.540 Y-61.680 Z-2.000 F1200
G1 X9.600 Y-61.740 Z-2.000 F1200
G1 X9.660 Y-61.800 Z-2.000 F1200
G1 X9.660 Y-61.920 Z-2.000 F1200
G1 X9.660 Y-62.040 Z-2.000 F1200
(--- glyph 3 ---)
G0 Z2.000
G0 Z2.000
G0 X6.360 Y-64.800
G1 X6.860 Y-64.800 Z1.333 F200
G1 X7.360 Y-64.800 Z0.667 F200
G1 X7.860 Y-64.800 Z0.000 F200
G1 X8.360 Y-64.800 Z-0.667 F200
G1 X8.860 Y-64.800 Z-1.333 F200
G1 X9.360 Y-64.800 Z-2.000 F200
G1 X15.960 Y-64.800 Z-2.000 F1200
G0 Z2.000
G0 X15.960 Y-65.400
G1 X15.460 Y-65.400 Z1.333 F200
G1 X14.960 Y-65.400 Z0.667 F200
G1 X14.460 Y-65.400 Z0.000 F200
G1 X13.960 Y-65.400 Z-0.667 F200
G1 X13.460 Y-65.400 Z-1.333 F200
G1 X12.960 Y-65.400 Z-2.000 F200
G1 X6.360 Y-65.400 Z-2.000 F1200
G0 Z2.000
G0 X6.360 Y-66.000
G1 X6.860 Y-66.000 Z1.333 F200
G1 X7.360 Y-66.000 Z0.667 F200
G1 X7.860 Y-66.000 Z0.000 F200
G1 X8.360 Y-66.000 Z-0.667 F200
G1 X8.860 Y-66.000 Z-1.333 F200
G1 X9.360 Y-66.000 Z-2.000 F200
G1 X15.960 Y-66.000 Z-2.000 F1200
G0 Z2.000
G0 X13.560 Y-66.600
G1 X13.060 Y-66.600 Z1.333 F200
G1 X12.560 Y-66.600 Z0.667 F200
G1 X12.060 Y-66.600 Z0.000 F200
G1 X11.560 Y-66.600 Z-0.667 F200
G1 X11.060 Y-66.600 Z-1.333 F200
G1 X10.560 Y-66.600 Z-2.000 F200
G1 X8.760 Y-66.600 Z-2.000 F1200
G0 Z2.000
G0 X8.760 Y-67.200
G1 X9.260 Y-67.200 Z1.333 F200
G1 X9.760 Y-67.200 Z0.667 F200
G1 X10.260 Y-67.200 Z0.000 F200
G1 X10.760 Y-67.200 Z-0.667 F200
G1 X11.260 Y-67.200 Z-1.333 F200
G1 X11.760 Y-67.200 Z-2.000 F200
G1 X13.560 Y-67.200 Z-2.000 F1200
G0 Z2.000
G0 X13.560 Y-67.800
G1 X13.060 Y-67.800 Z1.333 F200
G1 X12.560 Y-67.800 Z0.667 F200
G1 X12.060 Y-67.800 Z0.000 F200
G1 X11.560 Y-67.800 Z-0.667 F200
G1 X11.060 Y-67.800 Z-1.333 F200
G1 X10.560 Y-67.800 Z-2.000 F200
G1 X8.760 Y-67.800 Z-2.000 F1200
G0 Z2.000
G0 X8.760 Y-68.400
G1 X9.260 Y-68.400 Z1.333 F200
G1 X9.760 Y-68.400 Z0.667 F200
G1 X10.260 Y-68.400 Z0.000 F200
G1 X10.760 Y-68.400 Z-0.667 F200
G1 X11.260 Y-68.400 Z-1.333 F200
G1 X11.760 Y-68.400 Z-2.000 F200
G1 X13.560 Y-68.400 Z-2.000 F1200
G0 Z2.000
G0 X13.560 Y-69.000
G1 X13.060 Y-69.000 Z1.333 F200
G1 X12.560 Y-69.000 Z0.667 F200
G1 X12.060 Y-69.000 Z0.000 F200
G1 X11.560 Y-69.000 Z-0.667 F200
G1 X11.060 Y-69.000 Z-1.333 F200
G1 X10.560 Y-69.000 Z-2.000 F200
G1 X8.760 Y-69.000 Z-2.000 F1200
G0 Z2.000
G0 X8.760 Y-69.600
G1 X9.260 Y-69.600 Z1.333 F200
G1 X9.760 Y-69.600 Z0.667 F200
G1 X10.260 Y-69.600 Z0.000 F200
G1 X10.760 Y-69.600 Z-0.667 F200
G1 X11.260 Y-69.600 Z-1.333 F200
G1 X11.760 Y-69.600 Z-2.000 F200
G1 X13.560 Y-69.600 Z-2.000 F1200
G0 Z2.000
G0 X13.560 Y-70.200
G1 X13.060 Y-70.200 Z1.333 F200
G1 X12.560 Y-70.200 Z0.667 F200
G1 X12.060 Y-70.200 Z0.000 F200
G1 X11.560 Y-70.200 Z-0.667 F200
G1 X11.060 Y-70.200 Z-1.333 F200
G1 X10.560 Y-70.200 Z-2.000 F200
G1 X8.760 Y-70.200 Z-2.000 F1200
G0 Z2.000
G0 X8.760 Y-70.800
G1 X9.260 Y-70.800 Z1.333 F200
G1 X9.760 Y-70.800 Z0.667 F200
G1 X10.260 Y-70.800 Z0.000 F200
G1 X10.760 Y-70.800 Z-0.667 F200
G1 X11.260 Y-70.800 Z-1.333 F200
G1 X11.760 Y-70.800 Z-2.000 F200
G1 X13.560 Y-70.800 Z-2.000 F1200
G0 Z2.000
G0 X13.560 Y-71.400
G1 X13.060 Y-71.400 Z1.333 F200
G1 X12.560 Y-71.400 Z0.667 F200
G1 X12.060 Y-71.400 Z0.000 F200
G1 X11.560 Y-71.400 Z-0.667 F200
G1 X11.060 Y-71.400 Z-1.333 F200
G1 X10.560 Y-71.400 Z-2.000 F200
G1 X8.760 Y-71.400 Z-2.000 F1200
G0 Z2.000
G0 X8.760 Y-72.000
G1 X9.260 Y-72.000 Z1.333 F200
G1 X9.760 Y-72.000 Z0.667 F200
G1 X10.260 Y-72.000 Z0.000 F200
G1 X10.760 Y-72.000 Z-0.667 F200
G1 X11.260 Y-72.000 Z-1.333 F200
G1 X11.760 Y-72.000 Z-2.000 F200
G1 X13.560 Y-72.000 Z-2.000 F1200
G0 Z2.000
G0 X13.560 Y-72.600
G1 X13.060 Y-72.600 Z1.333 F200
G1 X12.560 Y-72.600 Z0.667 F200
G1 X12.060 Y-72.600 Z0.000 F200
G1 X11.560 Y-72.600 Z-0.667 F200
G1 X11.060 Y-72.600 Z-1.333 F200
G1 X10.560 Y-72.600 Z-2.000 F200
G1 X8.760 Y-72.600 Z-2.000 F1200
G0 Z2.000
G0 X8.760 Y-73.200
G1 X9.260 Y-73.200 Z1.333 F200
G1 X9.760 Y-73.200 Z0.667 F200
G1 X10.260 Y-73.200 Z0.000 F200
G1 X10.760 Y-73.200 Z-0.667 F200
G1 X11.260 Y-73.200 Z-1.333 F200
G1 X11.760 Y-73.200 Z-2.000 F200
G1 X13.560 Y-73.200 Z-2.000 F1200
G0 Z2.000
G0 X13.560 Y-73.800
G1 X13.060 Y-73.800 Z1.333 F200
G1 X12.560 Y-73.800 Z0.667 F200
G1 X12.060 Y-73.800 Z0.000 F200
G1 X11.560 Y-73.800 Z-0.667 F200
G1 X11.060 Y-73.800 Z-1.333 F200
G1 X10.560 Y-73.800 Z-2.000 F200
G1 X8.760 Y-73.800 Z-2.000 F1200
G0 Z2.000
G0 X8.760 Y-74.400
G1 X9.260 Y-74.400 Z1.333 F200
G1 X9.760 Y-74.400 Z0.667 F200
G1 X10.260 Y-74.400 Z0.000 F200
G1 X10.760 Y-74.400 Z-0.667 F200
G1 X11.260 Y-74.400 Z-1.333 F200
G1 X11.760 Y-74.400 Z-2.000 F200
G1 X13.560 Y-74.400 Z-2.000 F1200
G0 Z2.000
G0 X13.560 Y-75.000
G1 X13.060 Y-75.000 Z1.333 F200
G1 X12.560 Y-75.000 Z0.667 F200
G1 X12.060 Y-75.000 Z0.000 F200
G1 X11.560 Y-75.000 Z-0.667 F200
G1 X11.060 Y-75.000 Z-1.333 F200
G1 X10.560 Y-75.000 Z-2.000 F200
G1 X8.760 Y-75.000 Z-2.000 F1200
G0 Z2.000
G0 X8.760 Y-75.600
G1 X9.260 Y-75.600 Z1.333 F200
G1 X9.760 Y-75.600 Z0.667 F200
G1 X10.260 Y-75.600 Z0.000 F200
G1 X10.760 Y-75.600 Z-0.667 F200
G1 X11.260 Y-75.600 Z-1.333 F200
G1 X11.760 Y-75.600 Z-2.000 F200
G1 X13.560 Y-75.600 Z-2.000 F1200
G0 Z2.000
G0 X13.560 Y-76.200
G1 X13.060 Y-76.200 Z1.333 F200
G1 X12.560 Y-76.200 Z0.667 F200
G1 X12.060 Y-76.200 Z0.000 F200
G1 X11.560 Y-76.200 Z-0.667 F200
G1 X11.060 Y-76.200 Z-1.333 F200
G1 X10.560 Y-76.200 Z-2.000 F200
G1 X8.760 Y-76.200 Z-2.000 F1200
G0 Z2.000
G0 X8.760 Y-76.800
G1 X9.260 Y-76.800 Z1.333 F200
G1 X9.760 Y-76.800 Z0.667 F200
G1 X10.260 Y-76.800 Z0.000 F200
G1 X10.760 Y-76.800 Z-0.667 F200
G1 X11.260 Y-76.800 Z-1.333 F200
G1 X11.760 Y-76.800 Z-2.000 F200
G1 X13.560 Y-76.800 Z-2.000 F1200
G0 Z2.000
G0 X13.560 Y-77.400
G1 X13.060 Y-77.400 Z1.333 F200
G1 X12.560 Y-77.400 Z0.667 F200
G1 X12.060 Y-77.400 Z0.000 F200
G1 X11.560 Y-77.400 Z-0.667 F200
G1 X11.060 Y-77.400 Z-1.333 F200
G1 X10.560 Y-77.400 Z-2.000 F200
G1 X8.760 Y-77.400 Z-2.000 F1200
G0 Z2.000
G0 X8.760 Y-78.000
G1 X9.260 Y-78.000 Z1.333 F200
G1 X9.760 Y-78.000 Z0.667 F200
G1 X10.260 Y-78.000 Z0.000 F200
G1 X10.760 Y-78.000 Z-0.667 F200
G1 X11.260 Y-78.000 Z-1.333 F200
G1 X11.760 Y-78.000 Z-2.000 F200
G1 X13.560 Y-78.000 Z-2.000 F1200
G0 Z2.000
G0 X13.560 Y-78.600
G1 X13.060 Y-78.600 Z1.333 F200
G1 X12.560 Y-78.600 Z0.667 F200
G1 X12.060 Y-78.600 Z0.000 F200
G1 X11.560 Y-78.600 Z-0.667 F200
G1 X11.060 Y-78.600 Z-1.333 F200
G1 X10.560 Y-78.600 Z-2.000 F200
G1 X8.760 Y-78.600 Z-2.000 F1200
G0 Z2.000
G0 X8.760 Y-79.200
G1 X9.260 Y-79.200 Z1.333 F200
G1 X9.760 Y-79.200 Z0.667 F200
G1 X10.260 Y-79.200 Z0.000 F200
G1 X10.760 Y-79.200 Z-0.667 F200
G1 X11.260 Y-79.200 Z-1.333 F200
G1 X11.760 Y-79.200 Z-2.000 F200
G1 X13.560 Y-79.200 Z-2.000 F1200
G0 Z2.000
G0 X13.560 Y-79.800
G1 X13.060 Y-79.800 Z1.333 F200
G1 X12.560 Y-79.800 Z0.667 F200
G1 X12.060 Y-79.800 Z0.000 F200
G1 X11.560 Y-79.800 Z-0.667 F200
G1 X11.060 Y-79.800 Z-1.333 F200
G1 X10.560 Y-79.800 Z-2.000 F200
G1 X8.760 Y-79.800 Z-2.000 F1200
G0 Z2.000
G0 X8.760 Y-80.400
G1 X9.260 Y-80.400 Z1.333 F200
G1 X9.760 Y-80.400 Z0.667 F200
G1 X10.260 Y-80.400 Z0.000 F200
G1 X10.760 Y-80.400 Z-0.667 F200
G1 X11.260 Y-80.400 Z-1.333 F200
G1 X11.760 Y-80.400 Z-2.000 F200
G1 X13.560 Y-80.400 Z-2.000 F1200
G0 Z2.000
G0 X13.560 Y-81.000
G1 X13.060 Y-81.000 Z1.333 F200
G1 X12.560 Y-81.000 Z0.667 F200
G1 X12.060 Y-81.000 Z0.000 F200
G1 X11.560 Y-81.000 Z-0.667 F200
G1 X11.060 Y-81.000 Z-1.333 F200
G1 X10.560 Y-81.000 Z-2.000 F200
G1 X8.760 Y-81.000 Z-2.000 F1200
G0 Z2.000
G0 X8.760 Y-81.600
G1 X9.260 Y-81.600 Z1.333 F200
G1 X9.760 Y-81.600 Z0.667 F200
G1 X10.260 Y-81.600 Z0.000 F200
G1 X10.760 Y-81.600 Z-0.667 F200
G1 X11.260 Y-81.600 Z-1.333 F200
G1 X11.760 Y-81.600 Z-2.000 F200
G1 X13.560 Y-81.600 Z-2.000 F1200
G0 Z2.000
G0 X15.960 Y-82.200
G1 X15.460 Y-82.200 Z1.333 F200
G1 X14.960 Y-82.200 Z0.667 F200
G1 X14.460 Y-82.200 Z0.000 F200
G1 X13.960 Y-82.200 Z-0.667 F200
G1 X13.460 Y-82.200 Z-1.333 F200
G1 X12.960 Y-82.200 Z-2.000 F200
G1 X6.360 Y-82.200 Z-2.000 F1200
G0 Z2.000
G0 X6.360 Y-82.800
G1 X6.860 Y-82.800 Z1.333 F200
G1 X7.360 Y-82.800 Z0.667 F200
G1 X7.860 Y-82.800 Z0.000 F200
G1 X8.360 Y-82.800 Z-0.667 F200
G1 X8.860 Y-82.800 Z-1.333 F200
G1 X9.360 Y-82.800 Z-2.000 F200
G1 X15.960 Y-82.800 Z-2.000 F1200
G0 Z2.000
G0 X15.960 Y-83.400
G1 X15.460 Y-83.400 Z1.333 F200
G1 X14.960 Y-83.400 Z0.667 F200
G1 X14.460 Y-83.400 Z0.000 F200
G1 X13.960 Y-83.400 Z-0.667 F200
G1 X13.460 Y-83.400 Z-1.333 F200
G1 X12.960 Y-83.400 Z-2.000 F200
G1 X6.360 Y-83.400 Z-2.000 F1200
G0 Z2.000
G0 Z2.000
G0 X6.300 Y-64.800
G1 X6.300 Y-64.800 Z2.000 F200
G1 X6.300 Y-64.920 Z1.000 F200
G1 X6.300 Y-65.040 Z0.000 F200
G1 X6.300 Y-65.160 Z-1.000 F200
G1 X6.300 Y-65.280 Z-2.000 F200
G1 X6.300 Y-65.400 Z-2.000 F1200
G1 X6.300 Y-65.520 Z-2.000 F1200
G1 X6.300 Y-65.640 Z-2.000 F1200
G1 X6.300 Y-65.760 Z-2.000 F1200
G1 X6.300 Y-65.880 Z-2.000 F1200
G1 X6.300 Y-66.000 Z-2.000 F1200
G1 X6.300 Y-66.120 Z-2.000 F1200
G1 X6.300 Y-66.240 Z-2.000 F1200
G1 X6.360 Y-66.300 Z-2.000 F1200
G1 X6.480 Y-66.300 Z-2.000 F1200
G1 X6.600 Y-66.300 Z-2.000 F1200
G1 X6.720 Y-66.300 Z-2.000 F1200
G1 X6.840 Y-66.300 Z-2.000 F1200
G1 X6.960 Y-66.300 Z-2.000 F1200
G1 X7.080 Y-66.300 Z-2.000 F1200
G1 X7.200 Y-66.300 Z-2.000 F1200
G1 X7.320 Y-66.300 Z-2.000 F1200
G1 X7.440 Y-66.300 Z-2.000 F1200
G1 X7.560 Y-66.300 Z-2.000 F1200
G1 X7.680 Y-66.300 Z-2.000 F1200
G1 X7.800 Y-66.300 Z-2.000 F1200
G1 X7.920 Y-66.300 Z-2.000 F1200
G1 X8.040 Y-66.300 Z-2.000 F1200
G1 X8.160 Y-66.300 Z-2.000 F1200
G1 X8.280 Y-66.300 Z-2.000 F1200
G1 X8.400 Y-66.300 Z-2.000 F1200
G1 X8.520 Y-66.300 Z-2.000 F1200
G1 X8.640 Y-66.300 Z-2.000 F1200
G1 X8.700 Y-66.360 Z-2.000 F1200
G1 X8.700 Y-66.480 Z-2.000 F1200
G1 X8.700 Y-66.600 Z-2.000 F1200
G1 X8.700 Y-66.720 Z-2.000 F1200
G1 X8.700 Y-66.840 Z-2.000 F1200
G1 X8.700 Y-66.960 Z-2.000 F1200
G1 X8.700 Y-67.080 Z-2.000 F1200
G1 X8.700 Y-67.200 Z-2.000 F1200
G1 X8.700 Y-67.320 Z-2.000 F1200
G1 X8.700 Y-67.440 Z-2.000 F1200
G1 X8.700 Y-67.560 Z-2.000 F1200
G1 X8.700 Y-67.680 Z-2.000 F1200
G1 X8.700 Y-67.800 Z-2.000 F1200
G1 X8.700 Y-67.920 Z-2.000 F1200
G1 X8.700 Y-68.040 Z-2.000 F1200
G1 X8.700 Y-68.160 Z-2.000 F1200
G1 X8.700 Y-68.280 Z-2.000 F1200
G1 X8.700 Y-68.400 Z-2.000 F1200
G1 X8.700 Y-68.520 Z-2.000 F1200
G1 X8.700 Y-68.640 Z-2.000 F1200
G1 X8.700 Y-68.760 Z-2.000 F1200
G1 X8.700 Y-68.880 Z-2.000 F1200
G1 X8.700 Y-69.000 Z-2.000 F1200
G1 X8.700 Y-69.120 Z-2.000 F1200
G1 X8.700 Y-69.240 Z-2.000 F1200
G1 X8.700 Y-69.360 Z-2.000 F1200
G1 X8.700 Y-69.480 Z-2.000 F1200
G1 X8.700 Y-69.600 Z-2.000 F1200
G1 X8.700 Y-69.720 Z-2.000 F1200
G1 X8.700 Y-69.840 Z-2.000 F1200
G1 X8.700 Y-69.960 Z-2.000 F1200
G1 X8.700 Y-70.080 Z-2.000 F1200
G1 X8.700 Y-70.200 Z-2.000 F1200
G1 X8.700 Y-70.320 Z-2.000 F1200
G1 X8.700 Y-70.440 Z-2.000 F1200
G1 X8.700 Y-70.560 Z-2.000 F1200
G1 X8.700 Y-70.680 Z-2.000 F1200
G1 X8.700 Y-70.800 Z-2.000 F1200
G1 X8.700 Y-70.920 Z-2.000 F1200
G1 X8.700 Y-71.040 Z-2.000 F1200
G1 X8.700 Y-71.160 Z-2.000 F1200
G1 X8.700 Y-71.280 Z-2.000 F1200
G1 X8.700 Y-71.400 Z-2.000 F1200
G1 X8.700 Y-71.520 Z-2.000 F1200
G1 X8.700 Y-71.640 Z-2.000 F1200
G1 X8.700 Y-71.760 Z-2.000 F1200
G1 X8.700 Y-71.880 Z-2.000 F1200
G1 X8.700 Y-72.000 Z-2.000 F1200
G1 X8.700 Y-72.120 Z-2.000 F1200
G1 X8.700 Y-72.240 Z-2.000 F1200
G1 X8.700 Y-72.360 Z-2.000 F1200
G1 X8.700 Y-72.480 Z-2.000 F1200
G1 X8.700 Y-72.600 Z-2.000 F1200
G1 X8.700 Y-72.720 Z-2.000 F1200
G1 X8.700 Y-72.840 Z-2.000 F1200
G1 X8.700 Y-72.960 Z-2.000 F1200
G1 X8.700 Y-73.080 Z-2.000 F1200
G1 X8.700 Y-73.200 Z-2.000 F1200
G1 X8.700 Y-73.320 Z-2.000 F1200
G1 X8.700 Y-73.440 Z-2.000 F1200
G1 X8.700 Y-73.560 Z-2.000 F1200
G1 X8.700 Y-73.680 Z-2.000 F1200
G1 X8.700 Y-73.800 Z-2.000 F1200
G1 X8.700 Y-73.920 Z-2.000 F1200
G1 X8.700 Y-74.040 Z-2.000 F1200
G1 X8.700 Y-74.160 Z-2.000 F1200
G1 X8.700 Y-74.280 Z-2.000 F1200
G1 X8.700 Y-74.400 Z-2.000 F1200
G1 X8.700 Y-74.520 Z-2.000 F1200
G1 X8.700 Y-74.640 Z-2.000 F1200
G1 X8.700 Y-74.760 Z-2.000 F1200
G1 X8.700 Y-74.880 Z-2.000 F1200
G1 X8.700 Y-75.000 Z-2.000 F1200
G1 X8.700 Y-75.120 Z-2.000 F1200
G1 X8.700 Y-75.240 Z-2.000 F1200
G1 X8.700 Y-75.360 Z-2.000 F1200
G1 X8.700 Y-75.480 Z-2.000 F1200
G1 X8.700 Y-75.600 Z-2.000 F1200
G1 X8.700 Y-75.720 Z-2.000 F1200
G1 X8.700 Y-75.840 Z-2.000 F1200
G1 X8.700 Y-75.960 Z-2.000 F1200
G1 X8.700 Y-76.080 Z-2.000 F1200
G1 X8.700 Y-76.200 Z-2.000 F1200
G1 X8.700 Y-76.320 Z-2.000 F1200
G1 X8.700 Y-76.440 Z-2.000 F1200
G1 X8.700 Y-76.560 Z-2.000 F1200
G1 X8.700 Y-76.680 Z-2.000 F1200
G1 X8.700 Y-76.800 Z-2.000 F1200
G1 X8.700 Y-76.920 Z-2.000 F1200
G1 X8.700 Y-77.040 Z-2.000 F1200
G1 X8.700 Y-77.160 Z-2.000 F1200
G1 X8.700 Y-77.280 Z-2.000 F1200
G1 X8.700 Y-77.400 Z-2.000 F1200
G1 X8.700 Y-77.520 Z-2.000 F1200
G1 X8.700 Y-77.640 Z-2.000 F1200
G1 X8.700 Y-77.760 Z-2.000 F1200
G1 X8.700 Y-77.880 Z-2.000 F1200
G1 X8.700 Y-78.000 Z-2.000 F1200
G1 X8.700 Y-78.120 Z-2.000 F1200
G1 X8.700 Y-78.240 Z-2.000 F1200
G1 X8.700 Y-78.360 Z-2.000 F1200
G1 X8.700 Y-78.480 Z-2.000 F1200
G1 X8.700 Y-78.600 Z-2.000 F1200
G1 X8.700 Y-78.720 Z-2.000 F1200
G1 X8.700 Y-78.840 Z-2.000 F1200
G1 X8.700 Y-78.960 Z-2.000 F1200
G1 X8.700 Y-79.080 Z-2.000 F1200
G1 X8.700 Y-79.200 Z-2.000 F1200
G1 X8.700 Y-79.320 Z-2.000 F1200
G1 X8.700 Y-79.440 Z-2.000 F1200
G1 X8.700 Y-79.560 Z-2.000 F1200
G1 X8.700 Y-79.680 Z-2.000 F1200
G1 X8.700 Y-79.800 Z-2.000 F1200
G1 X8.700 Y-79.920 Z-2.000 F1200
G1 X8.700 Y-80.040 Z-2.000 F1200
G1 X8.700 Y-80.160 Z-2.000 F1200
G1 X8.700 Y-80.280 Z-2.000 F1200
G1 X8.700 Y-80.400 Z-2.000 F1200
G1 X8.700 Y-80.520 Z-2.000 F1200
G1 X8.700 Y-80.640 Z-2.000 F1200
G1 X8.700 Y-80.760 Z-2.000 F1200
G1 X8.700 Y-80.880 Z-2.000 F1200
G1 X8.700 Y-81.000 Z-2.000 F1200
G1 X8.700 Y-81.120 Z-2.000 F1200
G1 X8.700 Y-81.240 Z-2.000 F1200
G1 X8.700 Y-81.360 Z-2.000 F1200
G1 X8.700 Y-81.480 Z-2.000 F1200
G1 X8.700 Y-81.600 Z-2.000 F1200
G1 X8.700 Y-81.720 Z-2.000 F1200
G1 X8.700 Y-81.840 Z-2.000 F1200
G1 X8.700 Y-81.960 Z-2.000 F1200
G1 X8.700 Y-82.080 Z-2.000 F1200
G1 X8.640 Y-82.140 Z-2.000 F1200
G1 X8.520 Y-82.140 Z-2.000 F1200
G1 X8.400 Y-82.140 Z-2.000 F1200
G1 X8.280 Y-82.140 Z-2.000 F1200
G1 X8.160 Y-82.140 Z-2.000 F1200
G1 X8.040 Y-82.140 Z-2.000 F1200
G1 X7.920 Y-82.140 Z-2.000 F1200
G1 X7.800 Y-82.140 Z-2.000 F1200
G1 X7.680 Y-82.140 Z-2.000 F1200
G1 X7.560 Y-82.140 Z-2.000 F1200
G1 X7.440 Y-82.140 Z-2.000 F1200
G1 X7.320 Y-82.140 Z-2.000 F1200
G1 X7.200 Y-82.140 Z-2.000 F1200
G1 X7.080 Y-82.140 Z-2.000 F1200
G1 X6.960 Y-82.140 Z-2.000 F1200
G1 X6.840 Y-82.140 Z-2.000 F1200
G1 X6.720 Y-82.140 Z-2.000 F1200
G1 X6.600 Y-82.140 Z-2.000 F1200
G1 X6.480 Y-82.140 Z-2.000 F1200
G1 X6.360 Y-82.140 Z-2.000 F1200
G1 X6.300 Y-82.200 Z-2.000 F1200
G1 X6.300 Y-82.320 Z-2.000 F1200
G1 X6.300 Y-82.440 Z-2.000 F1200
G1 X6.300 Y-82.560 Z-2.000 F1200
G1 X6.300 Y-82.680 Z-2.000 F1200
G1 X6.300 Y-82.800 Z-2.000 F1200
G1 X6.300 Y-82.920 Z-2.000 F1200
G1 X6.300 Y-83.040 Z-2.000 F1200
G1 X6.300 Y-83.160 Z-2.000 F1200
G1 X6.300 Y-83.280 Z-2.000 F1200
G1 X6.300 Y-83.400 Z-2.000 F1200
G1 X6.300 Y-83.520 Z-2.000 F1200
G1 X6.300 Y-83.640 Z-2.000 F1200
(--- glyph 4 ---)
G0 Z2.000
G0 Z2.000
G0 X1.200 Y-86.400
G1 X1.700 Y-86.400 Z1.333 F200
G1 X2.200 Y-86.400 Z0.667 F200
G1 X2.700 Y-86.400 Z0.000 F200
G1 X3.200 Y-86.400 Z-0.667 F200
G1 X3.700 Y-86.400 Z-1.333 F200
G1 X4.200 Y-86.400 Z-2.000 F200
G1 X12.360 Y-86.400 Z-2.000 F1200
G0 Z2.000
G0 X15.480 Y-87.000
G1 X14.980 Y-87.000 Z1.333 F200
G1 X14.480 Y-87.000 Z0.667 F200
G1 X13.980 Y-87.000 Z0.000 F200
G1 X13.480 Y-87.000 Z-0.667 F200
G1 X12.980 Y-87.000 Z-1.333 F200
G1 X12.480 Y-87.000 Z-2.000 F200
G1 X1.200 Y-87.000 Z-2.000 F1200
G0 Z2.000
G0 X1.200 Y-87.600
G1 X1.700 Y-87.600 Z1.333 F200
G1 X2.200 Y-87.600 Z0.667 F200
G1 X2.700 Y-87.600 Z0.000 F200
G1 X3.200 Y-87.600 Z-0.667 F200
G1 X3.700 Y-87.600 Z-1.333 F200
G1 X4.200 Y-87.600 Z-2.000 F200
G1 X16.800 Y-87.600 Z-2.000 F1200
G0 Z2.000
G0 X17.880 Y-88.200
G1 X17.380 Y-88.200 Z1.333 F200
G1 X16.880 Y-88.200 Z0.667 F200
G1 X16.380 Y-88.200 Z0.000 F200
G1 X15.880 Y-88.200 Z-0.667 F200
G1 X15.380 Y-88.200 Z-1.333 F200
G1 X14.880 Y-88.200 Z-2.000 F200
G1 X12.360 Y-88.200 Z-2.000 F1200
G0 Z2.000
G0 X8.400 Y-88.200
G1 X7.900 Y-88.200 Z1.333 F200
G1 X7.400 Y-88.200 Z0.667 F200
G1 X6.900 Y-88.200 Z0.000 F200
G1 X6.400 Y-88.200 Z-0.667 F200
G1 X5.900 Y-88.200 Z-1.333 F200
G1 X5.400 Y-88.200 Z-2.000 F200
G1 X3.600 Y-88.200 Z-2.000 F1200
G0 Z2.000
G0 X3.600 Y-88.800
G1 X4.100 Y-88.800 Z1.333 F200
G1 X4.600 Y-88.800 Z0.667 F200
G1 X5.100 Y-88.800 Z0.000 F200
G1 X5.600 Y-88.800 Z-0.667 F200
G1 X6.100 Y-88.800 Z-1.333 F200
G1 X6.600 Y-88.800 Z-2.000 F200
G1 X8.400 Y-88.800 Z-2.000 F1200
G0 Z2.000
G0 X13.560 Y-88.800
G1 X14.060 Y-88.800 Z1.333 F200
G1 X14.560 Y-88.800 Z0.667 F200
G1 X15.060 Y-88.800 Z0.000 F200
G1 X15.560 Y-88.800 Z-0.667 F200
G1 X16.060 Y-88.800 Z-1.333 F200
G1 X16.560 Y-88.800 Z-2.000 F200
G1 X18.600 Y-88.800 Z-2.000 F1200
G0 Z2.000
G0 X19.200 Y-89.400
G1 X18.700 Y-89.400 Z1.333 F200
G1 X18.200 Y-89.400 Z0.667 F200
G1 X17.700 Y-89.400 Z0.000 F200
G1 X17.200 Y-89.400 Z-0.667 F200
G1 X16.700 Y-89.400 Z-1.333 F200
G1 X16.200 Y-89.400 Z-2.000 F200
G1 X14.280 Y-89.400 Z-2.000 F1200
G0 Z2.000
G0 X8.400 Y-89.400
G1 X7.900 Y-89.400 Z1.333 F200
G1 X7.400 Y-89.400 Z0.667 F200
G1 X6.900 Y-89.400 Z0.000 F200
G1 X6.400 Y-89.400 Z-0.667 F200
G1 X5.900 Y-89.400 Z-1.333 F200
G1 X5.400 Y-89.400 Z-2.000 F200
G1 X3.600 Y-89.400 Z-2.000 F1200
G0 Z2.000
G0 X3.600 Y-90.000
G1 X4.100 Y-90.000 Z1.333 F200
G1 X4.600 Y-90.000 Z0.667 F200
G1 X5.100 Y-90.000 Z0.000 F200
G1 X5.600 Y-90.000 Z-0.667 F200
G1 X6.100 Y-90.000 Z-1.333 F200
G1 X6.600 Y-90.000 Z-2.000 F200
G1 X8.400 Y-90.000 Z-2.000 F1200
G0 Z2.000
G0 X14.760 Y-90.000
G1 X15.260 Y-90.000 Z1.333 F200
G1 X15.760 Y-90.000 Z0.667 F200
G1 X16.260 Y-90.000 Z0.000 F200
G1 X16.760 Y-90.000 Z-0.667 F200
G1 X17.260 Y-90.000 Z-1.333 F200
G1 X17.760 Y-90.000 Z-2.000 F200
G1 X19.680 Y-90.000 Z-2.000 F1200
G0 Z2.000
G0 X20.040 Y-90.600
G1 X19.540 Y-90.600 Z1.333 F200
G1 X19.040 Y-90.600 Z0.667 F200
G1 X18.540 Y-90.600 Z0.000 F200
G1 X18.040 Y-90.600 Z-0.667 F200
G1 X17.540 Y-90.600 Z-1.333 F200
G1 X17.040 Y-90.600 Z-2.000 F200
G1 X15.000 Y-90.600 Z-2.000 F1200
G0 Z2.000
G0 X8.400 Y-90.600
G1 X7.900 Y-90.600 Z1.333 F200
G1 X7.400 Y-90.600 Z0.667 F200
G1 X6.900 Y-90.600 Z0.000 F200
G1 X6.400 Y-90.600 Z-0.667 F200
G1 X5.900 Y-90.600 Z-1.333 F200
G1 X5.400 Y-90.600 Z-2.000 F200
G1 X3.600 Y-90.600 Z-2.000 F1200
G0 Z2.000
G0 X3.600 Y-91.200
G1 X4.100 Y-91.200 Z1.333 F200
G1 X4.600 Y-91.200 Z0.667 F200
G1 X5.100 Y-91.200 Z0.000 F200
G1 X5.600 Y-91.200 Z-0.667 F200
G1 X6.100 Y-91.200 Z-1.333 F200
G1 X6.600 Y-91.200 Z-2.000 F200
G1 X8.400 Y-91.200 Z-2.000 F1200
G0 Z2.000
G0 X15.240 Y-91.200
G1 X15.740 Y-91.200 Z1.333 F200
G1 X16.240 Y-91.200 Z0.667 F200
G1 X16.740 Y-91.200 Z0.000 F200
G1 X17.240 Y-91.200 Z-0.667 F200
G1 X17.740 Y-91.200 Z-1.333 F200
G1 X18.240 Y-91.200 Z-2.000 F200
G1 X20.280 Y-91.200 Z-2.000 F1200
G0 Z2.000
G0 X20.520 Y-91.800
G1 X20.020 Y-91.800 Z1.333 F200
G1 X19.520 Y-91.800 Z0.667 F200
G1 X19.020 Y-91.800 Z0.000 F200
G1 X18.520 Y-91.800 Z-0.667 F200
G1 X18.020 Y-91.800 Z-1.333 F200
G1 X17.520 Y-91.800 Z-2.000 F200
G1 X15.480 Y-91.800 Z-2.000 F1200
G0 Z2.000
G0 X8.400 Y-91.800
G1 X7.900 Y-91.800 Z1.333 F200
G1 X7.400 Y-91.800 Z0.667 F200
G1 X6.900 Y-91.800 Z0.000 F200
G1 X6.400 Y-91.800 Z-0.667 F200
G1 X5.900 Y-91.800 Z-1.333 F200
G1 X5.400 Y-91.800 Z-2.000 F200
G1 X3.600 Y-91.800 Z-2.000 F1200
G0 Z2.000
G0 X3.600 Y-92.400
G1 X4.100 Y-92.400 Z1.333 F200
G1 X4.600 Y-92.400 Z0.667 F200
G1 X5.100 Y-92.400 Z0.000 F200
G1 X5.600 Y-92.400 Z-0.667 F200
G1 X6.100 Y-92.400 Z-1.333 F200
G1 X6.600 Y-92.400 Z-2.000 F200
G1 X8.400 Y-92.400 Z-2.000 F1200
G0 Z2.000
G0 X15.600 Y-92.400
G1 X16.100 Y-92.400 Z1.333 F200
G1 X16.600 Y-92.400 Z0.667 F200
G1 X17.100 Y-92.400 Z0.000 F200
G1 X17.600 Y-92.400 Z-0.667 F200
G1 X18.100 Y-92.400 Z-1.333 F200
G1 X18.600 Y-92.400 Z-2.000 F200
G1 X20.760 Y-92.400 Z-2.000 F1200
G0 Z2.000
G0 X20.880 Y-93.000
G1 X20.380 Y-93.000 Z1.333 F200
G1 X19.880 Y-93.000 Z0.667 F200
G1 X19.380 Y-93.000 Z0.000 F200
G1 X18.880 Y-93.000 Z-0.667 F200
G1 X18.380 Y-93.000 Z-1.333 F200
G1 X17.880 Y-93.000 Z-2.000 F200
G1 X15.720 Y-93.000 Z-2.000 F1200
G0 Z2.000
G0 X8.400 Y-93.000
G1 X7.900 Y-93.000 Z1.333 F200
G1 X7.400 Y-93.000 Z0.667 F200
G1 X6.900 Y-93.000 Z0.000 F200
G1 X6.400 Y-93.000 Z-0.667 F200
G1 X5.900 Y-93.000 Z-1.333 F200
G1 X5.400 Y-93.000 Z-2.000 F200
G1 X3.600 Y-93.000 Z-2.000 F1200
G0 Z2.000
G0 X3.600 Y-93.600
G1 X4.100 Y-93.600 Z1.333 F200
G1 X4.600 Y-93.600 Z0.667 F200
G1 X5.100 Y-93.600 Z0.000 F200
G1 X5.600 Y-93.600 Z-0.667 F200
G1 X6.100 Y-93.600 Z-1.333 F200
G1 X6.600 Y-93.600 Z-2.000 F200
G1 X8.400 Y-93.600 Z-2.000 F1200
G0 Z2.000
G0 X15.840 Y-93.600
G1 X16.340 Y-93.600 Z1.333 F200
G1 X16.840 Y-93.600 Z0.667 F200
G1 X17.340 Y-93.600 Z0.000 F200
G1 X17.840 Y-93.600 Z-0.667 F200
G1 X18.340 Y-93.600 Z-1.333 F200
G1 X18.840 Y-93.600 Z-2.000 F200
G1 X21.000 Y-93.600 Z-2.000 F1200
G0 Z2.000
G0 X21.120 Y-94.200
G1 X20.620 Y-94.200 Z1.333 F200
G1 X20.120 Y-94.200 Z0.667 F200
G1 X19.620 Y-94.200 Z0.000 F200
G1 X19.120 Y-94.200 Z-0.667 F200
G1 X18.620 Y-94.200 Z-1.333 F200
G1 X18.120 Y-94.200 Z-2.000 F200
G1 X15.840 Y-94.200 Z-2.000 F1200
G0 Z2.000
G0 X8.400 Y-94.200
G1 X7.900 Y-94.200 Z1.333 F200
G1 X7.400 Y-94.200 Z0.667 F200
G1 X6.900 Y-94.200 Z0.000 F200
G1 X6.400 Y-94.200 Z-0.667 F200
G1 X5.900 Y-94.200 Z-1.333 F200
G1 X5.400 Y-94.200 Z-2.000 F200
G1 X3.600 Y-94.200 Z-2.000 F1200
G0 Z2.000
G0 X3.600 Y-94.800
G1 X4.100 Y-94.800 Z1.333 F200
G1 X4.600 Y-94.800 Z0.667 F200
G1 X5.100 Y-94.800 Z0.000 F200
G1 X5.600 Y-94.800 Z-0.667 F200
G1 X6.100 Y-94.800 Z-1.333 F200
G1 X6.600 Y-94.800 Z-2.000 F200
G1 X8.400 Y-94.800 Z-2.000 F1200
G0 Z2.000
G0 X15.960 Y-94.800
G1 X16.460 Y-94.800 Z1.333 F200
G1 X16.960 Y-94.800 Z0.667 F200
G1 X17.460 Y-94.800 Z0.000 F200
G1 X17.960 Y-94.800 Z-0.667 F200
G1 X18.460 Y-94.800 Z-1.333 F200
G1 X18.960 Y-94.800 Z-2.000 F200
G1 X21.240 Y-94.800 Z-2.000 F1200
G0 Z2.000
G0 X21.240 Y-95.400
G1 X20.740 Y-95.400 Z1.333 F200
G1 X20.240 Y-95.400 Z0.667 F200
G1 X19.740 Y-95.400 Z0.000 F200
G1 X19.240 Y-95.400 Z-0.667 F200
G1 X18.740 Y-95.400 Z-1.333 F200
G1 X18.240 Y-95.400 Z-2.000 F200
G1 X15.960 Y-95.400 Z-2.000 F1200
G0 Z2.000
G0 X8.400 Y-95.400
G1 X7.900 Y-95.400 Z1.333 F200
G1 X7.400 Y-95.400 Z0.667 F200
G1 X6.900 Y-95.400 Z0.000 F200
G1 X6.400 Y-95.400 Z-0.667 F200
G1 X5.900 Y-95.400 Z-1.333 F200
G1 X5.400 Y-95.400 Z-2.000 F200
G1 X3.600 Y-95.400 Z-2.000 F1200
G0 Z2.000
G0 X3.600 Y-96.000
G1 X4.100 Y-96.000 Z1.333 F200
G1 X4.600 Y-96.000 Z0.667 F200
G1 X5.100 Y-96.000 Z0.000 F200
G1 X5.600 Y-96.000 Z-0.667 F200
G1 X6.100 Y-96.000 Z-1.333 F200
G1 X6.600 Y-96.000 Z-2.000 F200
G1 X8.400 Y-96.000 Z-2.000 F1200
G0 Z2.000
G0 X15.960 Y-96.000
G1 X16.460 Y-96.000 Z1.333 F200
G1 X16.960 Y-96.000 Z0.667 F200
G1 X17.460 Y-96.000 Z0.000 F200
G1 X17.960 Y-96.000 Z-0.667 F200
G1 X18.460 Y-96.000 Z-1.333 F200
G1 X18.960 Y-96.000 Z-2.000 F200
G1 X21.240 Y-96.000 Z-2.000 F1200
G0 Z2.000
G0 X21.240 Y-96.600
G1 X20.740 Y-96.600 Z1.333 F200
G1 X20.240 Y-96.600 Z0.667 F200
G1 X19.740 Y-96.600 Z0.000 F200
G1 X19.240 Y-96.600 Z-0.667 F200
G1 X18.740 Y-96.600 Z-1.333 F200
G1 X18.240 Y-96.600 Z-2.000 F200
G1 X15.960 Y-96.600 Z-2.000 F1200
G0 Z2.000
G0 X8.400 Y-96.600
G1 X7.900 Y-96.600 Z1.333 F200
G1 X7.400 Y-96.600 Z0.667 F200
G1 X6.900 Y-96.600 Z0.000 F200
G1 X6.400 Y-96.600 Z-0.667 F200
G1 X5.900 Y-96.600 Z-1.333 F200
G1 X5.400 Y-96.600 Z-2.000 F200
G1 X3.600 Y-96.600 Z-2.000 F1200
G0 Z2.000
G0 X3.600 Y-97.200
G1 X4.100 Y-97.200 Z1.333 F200
G1 X4.600 Y-97.200 Z0.667 F200
G1 X5.100 Y-97.200 Z0.000 F200
G1 X5.600 Y-97.200 Z-0.667 F200
G1 X6.100 Y-97.200 Z-1.333 F200
G1 X6.600 Y-97.200 Z-2.000 F200
G1 X8.400 Y-97.200 Z-2.000 F1200
G0 Z2.000
G0 X15.840 Y-97.200
G1 X16.340 Y-97.200 Z1.333 F200
G1 X16.840 Y-97.200 Z0.667 F200
G1 X17.340 Y-97.200 Z0.000 F200
G1 X17.840 Y-97.200 Z-0.667 F200
G1 X18.340 Y-97.200 Z-1.333 F200
G1 X18.840 Y-97.200 Z-2.000 F200
G1 X21.120 Y-97.200 Z-2.000 F1200
G0 Z2.000
G0 X21.120 Y-97.800
G1 X20.620 Y-97.800 Z1.333 F200
G1 X20.120 Y-97.800 Z0.667 F200
G1 X19.620 Y-97.800 Z0.000 F200
G1 X19.120 Y-97.800 Z-0.667 F200
G1 X18.620 Y-97.800 Z-1.333 F200
G1 X18.120 Y-97.800 Z-2.000 F200
G1 X15.840 Y-97.800 Z-2.000 F1200
G0 Z2.000
G0 X8.400 Y-97.800
G1 X7.900 Y-97.800 Z1.333 F200
G1 X7.400 Y-97.800 Z0.667 F200
G1 X6.900 Y-97.800 Z0.000 F200
G1 X6.400 Y-97.800 Z-0.667 F200
G1 X5.900 Y-97.800 Z-1.333 F200
G1 X5.400 Y-97.800 Z-2.000 F200
G1 X3.600 Y-97.800 Z-2.000 F1200
G0 Z2.000
G0 X3.600 Y-98.400
G1 X4.100 Y-98.400 Z1.333 F200
G1 X4.600 Y-98.400 Z0.667 F200
G1 X5.100 Y-98.400 Z0.000 F200
G1 X5.600 Y-98.400 Z-0.667 F200
G1 X6.100 Y-98.400 Z-1.333 F200
G1 X6.600 Y-98.400 Z-2.000 F200
G1 X8.400 Y-98.400 Z-2.000 F1200
G0 Z2.000
G0 X15.720 Y-98.400
G1 X16.220 Y-98.400 Z1.333 F200
G1 X16.720 Y-98.400 Z0.667 F200
G1 X17.220 Y-98.400 Z0.000 F200
G1 X17.720 Y-98.400 Z-0.667 F200
G1 X18.220 Y-98.400 Z-1.333 F200
G1 X18.720 Y-98.400 Z-2.000 F200
G1 X21.000 Y-98.400 Z-2.000 F1200
G0 Z2.000
G0 X20.880 Y-99.000
G1 X20.380 Y-99.000 Z1.333 F200
G1 X19.880 Y-99.000 Z0.667 F200
G1 X19.380 Y-99.000 Z0.000 F200
G1 X18.880 Y-99.000 Z-0.667 F200
G1 X18.380 Y-99.000 Z-1.333 F200
G1 X17.880 Y-99.000 Z-2.000 F200
G1 X15.720 Y-99.000 Z-2.000 F1200
G0 Z2.000
G0 X8.400 Y-99.000
G1 X7.900 Y-99.000 Z1.333 F200
G1 X7.400 Y-99.000 Z0.667 F200
G1 X6.900 Y-99.000 Z0.000 F200
G1 X6.400 Y-99.000 Z-0.667 F200
G1 X5.900 Y-99.000 Z-1.333 F200
G1 X5.400 Y-99.000 Z-2.000 F200
G1 X3.600 Y-99.000 Z-2.000 F1200
G0 Z2.000
G0 X3.600 Y-99.600
G1 X4.100 Y-99.600 Z1.333 F200
G1 X4.600 Y-99.600 Z0.667 F200
G1 X5.100 Y-99.600 Z0.000 F200
G1 X5.600 Y-99.600 Z-0.667 F200
G1 X6.100 Y-99.600 Z-1.333 F200
G1 X6.600 Y-99.600 Z-2.000 F200
G1 X8.400 Y-99.600 Z-2.000 F1200
G0 Z2.000
G0 X15.480 Y-99.600
G1 X15.980 Y-99.600 Z1.333 F200
G1 X16.480 Y-99.600 Z0.667 F200
G1 X16.980 Y-99.600 Z0.000 F200
G1 X17.480 Y-99.600 Z-0.667 F200
G1 X17.980 Y-99.600 Z-1.333 F200
G1 X18.480 Y-99.600 Z-2.000 F200
G1 X20.640 Y-99.600 Z-2.000 F1200
G0 Z2.000
G0 X20.400 Y-100.200
G1 X19.900 Y-100.200 Z1.333 F200
G1 X19.400 Y-100.200 Z0.667 F200
G1 X18.900 Y-100.200 Z0.000 F200
G1 X18.400 Y-100.200 Z-0.667 F200
G1 X17.900 Y-100.200 Z-1.333 F200
G1 X17.400 Y-100.200 Z-2.000 F200
G1 X15.360 Y-100.200 Z-2.000 F1200
G0 Z2.000
G0 X8.400 Y-100.200
G1 X7.900 Y-100.200 Z1.333 F200
G1 X7.400 Y-100.200 Z0.667 F200
G1 X6.900 Y-100.200 Z0.000 F200
G1 X6.400 Y-100.200 Z-0.667 F200
G1 X5.900 Y-100.200 Z-1.333 F200
G1 X5.400 Y-100.200 Z-2.000 F200
G1 X3.600 Y-100.200 Z-2.000 F1200
G0 Z2.000
G0 X3.600 Y-100.800
G1 X4.100 Y-100.800 Z1.333 F200
G1 X4.600 Y-100.800 Z0.667 F200
G1 X5.100 Y-100.800 Z0.000 F200
G1 X5.600 Y-100.800 Z-0.667 F200
G1 X6.100 Y-100.800 Z-1.333 F200
G1 X6.600 Y-100.800 Z-2.000 F200
G1 X8.400 Y-100.800 Z-2.000 F1200
G0 Z2.000
G0 X15.120 Y-100.800
G1 X15.620 Y-100.800 Z1.333 F200
G1 X16.120 Y-100.800 Z0.667 F200
G1 X16.620 Y-100.800 Z0.000 F200
G1 X17.120 Y-100.800 Z-0.667 F200
G1 X17.620 Y-100.800 Z-1.333 F200
G1 X18.120 Y-100.800 Z-2.000 F200
G1 X20.160 Y-100.800 Z-2.000 F1200
G0 Z2.000
G0 X19.800 Y-101.400
G1 X19.300 Y-101.400 Z1.333 F200
G1 X18.800 Y-101.400 Z0.667 F200
G1 X18.300 Y-101.400 Z0.000 F200
G1 X17.800 Y-101.400 Z-0.667 F200
G1 X17.300 Y-101.400 Z-1.333 F200
G1 X16.800 Y-101.400 Z-2.000 F200
G1 X14.880 Y-101.400 Z-2.000 F1200
G0 Z2.000
G0 X8.400 Y-101.400
G1 X7.900 Y-101.400 Z1.333 F200
G1 X7.400 Y-101.400 Z0.667 F200
G1 X6.900 Y-101.400 Z0.000 F200
G1 X6.400 Y-101.400 Z-0.667 F200
G1 X5.900 Y-101.400 Z-1.333 F200
G1 X5.400 Y-101.400 Z-2.000 F200
G1 X3.600 Y-101.400 Z-2.000 F1200
G0 Z2.000
G0 X3.600 Y-102.000
G1 X4.100 Y-102.000 Z1.333 F200
G1 X4.600 Y-102.000 Z0.667 F200
G1 X5.100 Y-102.000 Z0.000 F200
G1 X5.600 Y-102.000 Z-0.667 F200
G1 X6.100 Y-102.000 Z-1.333 F200
G1 X6.600 Y-102.000 Z-2.000 F200
G1 X8.400 Y-102.000 Z-2.000 F1200
G0 Z2.000
G0 X14.400 Y-102.000
G1 X14.900 Y-102.000 Z1.333 F200
G1 X15.400 Y-102.000 Z0.667 F200
G1 X15.900 Y-102.000 Z0.000 F200
G1 X16.400 Y-102.000 Z-0.667 F200
G1 X16.900 Y-102.000 Z-1.333 F200
G1 X17.400 Y-102.000 Z-2.000 F200
G1 X19.320 Y-102.000 Z-2.000 F1200
G0 Z2.000
G0 X18.840 Y-102.600
G1 X18.340 Y-102.600 Z1.333 F200
G1 X17.840 Y-102.600 Z0.667 F200
G1 X17.340 Y-102.600 Z0.000 F200
G1 X16.840 Y-102.600 Z-0.667 F200
G1 X16.340 Y-102.600 Z-1.333 F200
G1 X15.840 Y-102.600 Z-2.000 F200
G1 X13.800 Y-102.600 Z-2.000 F1200
G0 Z2.000
G0 X8.400 Y-102.600
G1 X7.900 Y-102.600 Z1.333 F200
G1 X7.400 Y-102.600 Z0.667 F200
G1 X6.900 Y-102.600 Z0.000 F200
G1 X6.400 Y-102.600 Z-0.667 F200
G1 X5.900 Y-102.600 Z-1.333 F200
G1 X5.400 Y-102.600 Z-2.000 F200
G1 X3.600 Y-102.600 Z-2.000 F1200
G0 Z2.000
G0 X3.600 Y-103.200
G1 X4.100 Y-103.200 Z1.333 F200
G1 X4.600 Y-103.200 Z0.667 F200
G1 X5.100 Y-103.200 Z0.000 F200
G1 X5.600 Y-103.200 Z-0.667 F200
G1 X6.100 Y-103.200 Z-1.333 F200
G1 X6.600 Y-103.200 Z-2.000 F200
G1 X8.400 Y-103.200 Z-2.000 F1200
G0 Z2.000
G0 X12.960 Y-103.200
G1 X13.460 Y-103.200 Z1.333 F200
G1 X13.960 Y-103.200 Z0.667 F200
G1 X14.460 Y-103.200 Z0.000 F200
G1 X14.960 Y-103.200 Z-0.667 F200
G1 X15.460 Y-103.200 Z-1.333 F200
G1 X15.960 Y-103.200 Z-2.000 F200
G1 X18.120 Y-103.200 Z-2.000 F1200
G0 Z2.000
G0 X17.280 Y-103.800
G1 X16.780 Y-103.800 Z1.333 F200
G1 X16.280 Y-103.800 Z0.667 F200
G1 X15.780 Y-103.800 Z0.000 F200
G1 X15.280 Y-103.800 Z-0.667 F200
G1 X14.780 Y-103.800 Z-1.333 F200
G1 X14.280 Y-103.800 Z-2.000 F200
G1 X1.200 Y-103.800 Z-2.000 F1200
G0 Z2.000
G0 X1.200 Y-104.400
G1 X1.700 Y-104.400 Z1.333 F200
G1 X2.200 Y-104.400 Z0.667 F200
G1 X2.700 Y-104.400 Z0.000 F200
G1 X3.200 Y-104.400 Z-0.667 F200
G1 X3.700 Y-104.400 Z-1.333 F200
G1 X4.200 Y-104.400 Z-2.000 F200
G1 X16.080 Y-104.400 Z-2.000 F1200
G0 Z2.000
G0 X14.040 Y-105.000
G1 X13.540 Y-105.000 Z1.333 F200
G1 X13.040 Y-105.000 Z0.667 F200
G1 X12.540 Y-105.000 Z0.000 F200
G1 X12.040 Y-105.000 Z-0.667 F200
G1 X11.540 Y-105.000 Z-1.333 F200
G1 X11.040 Y-105.000 Z-2.000 F200
G1 X1.200 Y-105.000 Z-2.000 F1200
G0 Z2.000
G0 Z2.000
G0 X1.140 Y-86.400
G1 X1.140 Y-86.400 Z2.000 F200
G1 X1.140 Y-86.520 Z1.000 F200
G1 X1.140 Y-86.640 Z0.000 F200
G1 X1.140 Y-86.760 Z-1.000 F200
G1 X1.140 Y-86.880 Z-2.000 F200
G1 X1.140 Y-87.000 Z-2.000 F1200
G1 X1.140 Y-87.120 Z-2.000 F1200
G1 X1.140 Y-87.240 Z-2.000 F1200
G1 X1.140 Y-87.360 Z-2.000 F1200
G1 X1.140 Y-87.480 Z-2.000 F1200
G1 X1.140 Y-87.600 Z-2.000 F1200
G1 X1.140 Y-87.720 Z-2.000 F1200
G1 X1.140 Y-87.840 Z-2.000 F1200
G1 X1.200 Y-87.900 Z-2.000 F1200
G1 X1.320 Y-87.900 Z-2.000 F1200
G1 X1.440 Y-87.900 Z-2.000 F1200
G1 X1.560 Y-87.900 Z-2.000 F1200
G1 X1.680 Y-87.900 Z-2.000 F1200
G1 X1.800 Y-87.900 Z-2.000 F1200
G1 X1.920 Y-87.900 Z-2.000 F1200
G1 X2.040 Y-87.900 Z-2.000 F1200
G1 X2.160 Y-87.900 Z-2.000 F1200
G1 X2.280 Y-87.900 Z-2.000 F1200
G1 X2.400 Y-87.900 Z-2.000 F1200
G1 X2.520 Y-87.900 Z-2.000 F1200
G1 X2.640 Y-87.900 Z-2.000 F1200
G1 X2.760 Y-87.900 Z-2.000 F1200
G1 X2.880 Y-87.900 Z-2.000 F1200
G1 X3.000 Y-87.900 Z-2.000 F1200
G1 X3.120 Y-87.900 Z-2.000 F1200
G1 X3.240 Y-87.900 Z-2.000 F1200
G1 X3.360 Y-87.900 Z-2.000 F1200
G1 X3.480 Y-87.900 Z-2.000 F1200
G1 X3.540 Y-87.960 Z-2.000 F1200
G1 X3.540 Y-88.080 Z-2.000 F1200
G1 X3.540 Y-88.200 Z-2.000 F1200
G1 X3.540 Y-88.320 Z-2.000 F1200
G1 X3.540 Y-88.440 Z-2.000 F1200
G1 X3.540 Y-88.560 Z-2.000 F1200
G1 X3.540 Y-88.680 Z-2.000 F1200
G1 X3.540 Y-88.800 Z-2.000 F1200
G1 X3.540 Y-88.920 Z-2.000 F1200
G1 X3.540 Y-89.040 Z-2.000 F1200
G1 X3.540 Y-89.160 Z-2.000 F1200
G1 X3.540 Y-89.280 Z-2.000 F1200
G1 X3.540 Y-89.400 Z-2.000 F1200
G1 X3.540 Y-89.520 Z-2.000 F1200
G1 X3.540 Y-89.640 Z-2.000 F1200
G1 X3.540 Y-89.760 Z-2.000 F1200
G1 X3.540 Y-89.880 Z-2.000 F1200
G1 X3.540 Y-90.000 Z-2.000 F1200
G1 X3.540 Y-90.120 Z-2.000 F1200
G1 X3.540 Y-90.240 Z-2.000 F1200
G1 X3.540 Y-90.360 Z-2.000 F1200
G1 X3.540 Y-90.480 Z-2.000 F1200
G1 X3.540 Y-90.600 Z-2.000 F1200
G1 X3.540 Y-90.720 Z-2.000 F1200
G1 X3.540 Y-90.840 Z-2.000 F1200
G1 X3.540 Y-90.960 Z-2.000 F1200
G1 X3.540 Y-91.080 Z-2.000 F1200
G1 X3.540 Y-91.200 Z-2.000 F1200
G1 X3.540 Y-91.320 Z-2.000 F1200
G1 X3.540 Y-91.440 Z-2.000 F1200
G1 X3.540 Y-91.560 Z-2.000 F1200
G1 X3.540 Y-91.680 Z-2.000 F1200
G1 X3.540 Y-91.800 Z-2.000 F1200
G1 X3.540 Y-91.920 Z-2.000 F1200
G1 X3.540 Y-92.040 Z-2.000 F1200
G1 X3.540 Y-92.160 Z-2.000 F1200
G1 X3.540 Y-92.280 Z-2.000 F1200
G1 X3.540 Y-92.400 Z-2.000 F1200
G1 X3.540 Y-92.520 Z-2.000 F1200
G1 X3.540 Y-92.640 Z-2.000 F1200
G1 X3.540 Y-92.760 Z-2.000 F1200
G1 X3.540 Y-92.880 Z-2.000 F1200
G1 X3.540 Y-93.000 Z-2.000 F1200
G1 X3.540 Y-93.120 Z-2.000 F1200
G1 X3.540 Y-93.240 Z-2.000 F1200
G1 X3.540 Y-93.360 Z-2.000 F1200
G1 X3.540 Y-93.480 Z-2.000 F1200
G1 X3.540 Y-93.600 Z-2.000 F1200
G1 X3.540 Y-93.720 Z-2.000 F1200
G1 X3.540 Y-93.840 Z-2.000 F1200
G1 X3.540 Y-93.960 Z-2.000 F1200
G1 X3.540 Y-94.080 Z-2.000 F1200
G1 X3.540 Y-94.200 Z-2.000 F1200
G1 X3.540 Y-94.320 Z-2.000 F1200
G1 X3.540 Y-94.440 Z-2.000 F1200
G1 X3.540 Y-94.560 Z-2.000 F1200
G1 X3.540 Y-94.680 Z-2.000 F1200
G1 X3.540 Y-94.800 Z-2.000 F1200
G1 X3.540 Y-94.920 Z-2.000 F1200
G1 X3.540 Y-95.040 Z-2.000 F1200
G1 X3.540 Y-95.160 Z-2.000 F1200
G1 X3.540 Y-95.280 Z-2.000 F1200
G1 X3.540 Y-95.400 Z-2.000 F1200
G1 X3.540 Y-95.520 Z-2.000 F1200
G1 X3.540 Y-95.640 Z-2.000 F1200
G1 X3.540 Y-95.760 Z-2.000 F1200
G1 X3.540 Y-95.880 Z-2.000 F1200
G1 X3.540 Y-96.000 Z-2.000 F1200
G1 X3.540 Y-96.120 Z-2.000 F1200
G1 X3.540 Y-96.240 Z-2.000 F1200
G1 X3.540 Y-96.360 Z-2.000 F1200
G1 X3.540 Y-96.480 Z-2.000 F1200
G1 X3.540 Y-96.600 Z-2.000 F1200
G1 X3.540 Y-96.720 Z-2.000 F1200
G1 X3.540 Y-96.840 Z-2.000 F1200
G1 X3.540 Y-96.960 Z-2.000 F1200
G1 X3.540 Y-97.080 Z-2.000 F1200
G1 X3.540 Y-97.200 Z-2.000 F1200
G1 X3.540 Y-97.320 Z-2.000 F1200
G1 X3.540 Y-97.440 Z-2.000 F1200
G1 X3.540 Y-97.560 Z-2.000 F1200
G1 X3.540 Y-97.680 Z-2.000 F1200
G1 X3.540 Y-97.800 Z-2.000 F1200
G1 X3.540 Y-97.920 Z-2.000 F1200
G1 X3.540 Y-98.040 Z-2.000 F1200
G1 X3.540 Y-98.160 Z-2.000 F1200
G1 X3.540 Y-98.280 Z-2.000 F1200
G1 X3.540 Y-98.400 Z-2.000 F1200
G1 X3.540 Y-98.520 Z-2.000 F1200
G1 X3.540 Y-98.640 Z-2.000 F1200
G1 X3.540 Y-98.760 Z-2.000 F1200
G1 X3.540 Y-98.880 Z-2.000 F1200
G1 X3.540 Y-99.000 Z-2.000 F1200
G1 X3.540 Y-99.120 Z-2.000 F1200
G1 X3.540 Y-99.240 Z-2.000 F1200
G1 X3.540 Y-99.360 Z-2.000 F1200
G1 X3.540 Y-99.480 Z-2.000 F1200
G1 X3.540 Y-99.600 Z-2.000 F1200
G1 X3.540 Y-99.720 Z-2.000 F1200
G1 X3.540 Y-99.840 Z-2.000 F1200
G1 X3.540 Y-99.960 Z-2.000 F1200
G1 X3.540 Y-100.080 Z-2.000 F1200
G1 X3.540 Y-100.200 Z-2.000 F1200
G1 X3.540 Y-100.320 Z-2.000 F1200
G1 X3.540 Y-100.440 Z-2.000 F1200
G1 X3.540 Y-100.560 Z-2.000 F1200
G1 X3.540 Y-100.680 Z-2.000 F1200
G1 X3.540 Y-100.800 Z-2.000 F1200
G1 X3.540 Y-100.920 Z-2.000 F1200
G1 X3.540 Y-101.040 Z-2.000 F1200
G1 X3.540 Y-101.160 Z-2.000 F1200
G1 X3.540 Y-101.280 Z-2.000 F1200
G1 X3.540 Y-101.400 Z-2.000 F1200
G1 X3.540 Y-101.520 Z-2.000 F1200
G1 X3.540 Y-101.640 Z-2.000 F1200
G1 X3.540 Y-101.760 Z-2.000 F1200
G1 X3.540 Y-101.880 Z-2.000 F1200
G1 X3.540 Y-102.000 Z-2.000 F1200
G1 X3.540 Y-102.120 Z-2.000 F1200
G1 X3.540 Y-102.240 Z-2.000 F1200
G1 X3.540 Y-102.360 Z-2.000 F1200
G1 X3.540 Y-102.480 Z-2.000 F1200
G1 X3.540 Y-102.600 Z-2.000 F1200
G1 X3.540 Y-102.720 Z-2.000 F1200
G1 X3.540 Y-102.840 Z-2.000 F1200
G1 X3.540 Y-102.960 Z-2.000 F1200
G1 X3.540 Y-103.080 Z-2.000 F1200
G1 X3.540 Y-103.200 Z-2.000 F1200
G1 X3.540 Y-103.320 Z-2.000 F1200
G1 X3.540 Y-103.440 Z-2.000 F1200
G1 X3.540 Y-103.560 Z-2.000 F1200
G1 X3.540 Y-103.680 Z-2.000 F1200
G1 X3.480 Y-103.740 Z-2.000 F1200
G1 X3.360 Y-103.740 Z-2.000 F1200
G1 X3.240 Y-103.740 Z-2.000 F1200
G1 X3.120 Y-103.740 Z-2.000 F1200
G1 X3.000 Y-103.740 Z-2.000 F1200
G1 X2.880 Y-103.740 Z-2.000 F1200
G1 X2.760 Y-103.740 Z-2.000 F1200
G1 X2.640 Y-103.740 Z-2.000 F1200
G1 X2.520 Y-103.740 Z-2.000 F1200
G1 X2.400 Y-103.740 Z-2.000 F1200
G1 X2.280 Y-103.740 Z-2.000 F1200
G1 X2.160 Y-103.740 Z-2.000 F1200
G1 X2.040 Y-103.740 Z-2.000 F1200
G1 X1.920 Y-103.740 Z-2.000 F1200
G1 X1.800 Y-103.740 Z-2.000 F1200
G1 X1.680 Y-103.740 Z-2.000 F1200
G1 X1.560 Y-103.740 Z-2.000 F1200
G1 X1.440 Y-103.740 Z-2.000 F1200
G1 X1.320 Y-103.740 Z-2.000 F1200
G1 X1.200 Y-103.740 Z-2.000 F1200
G1 X1.140 Y-103.800 Z-2.000 F1200
G1 X1.140 Y-103.920 Z-2.000 F1200
G1 X1.140 Y-104.040 Z-2.000 F1200
G1 X1.140 Y-104.160 Z-2.000 F1200
G1 X1.140 Y-104.280 Z-2.000 F1200
G1 X1.140 Y-104.400 Z-2.000 F1200
G1 X1.140 Y-104.520 Z-2.000 F1200
G1 X1.140 Y-104.640 Z-2.000 F1200
G1 X1.140 Y-104.760 Z-2.000 F1200
G1 X1.140 Y-104.880 Z-2.000 F1200
G1 X1.140 Y-105.000 Z-2.000 F1200
G1 X1.140 Y-105.120 Z-2.000 F1200
G1 X1.140 Y-105.240 Z-2.000 F1200
G0 Z2.000
G0 X8.460 Y-87.960
G1 X8.460 Y-87.960 Z2.000 F200
G1 X8.520 Y-87.900 Z1.000 F200
G1 X8.640 Y-87.900 Z0.000 F200
G1 X8.760 Y-87.900 Z-1.000 F200
G1 X8.880 Y-87.900 Z-2.000 F200
G1 X9.000 Y-87.900 Z-2.000 F1200
G1 X9.120 Y-87.900 Z-2.000 F1200
G1 X9.240 Y-87.900 Z-2.000 F1200
G1 X9.360 Y-87.900 Z-2.000 F1200
G1 X9.480 Y-87.900 Z-2.000 F1200
G1 X9.600 Y-87.900 Z-2.000 F1200
G1 X9.720 Y-87.900 Z-2.000 F1200
G1 X9.840 Y-87.900 Z-2.000 F1200
G1 X9.960 Y-87.900 Z-2.000 F1200
G1 X10.080 Y-87.900 Z-2.000 F1200
G1 X10.200 Y-87.900 Z-2.000 F1200
G1 X10.320 Y-87.900 Z-2.000 F1200
G1 X10.440 Y-87.900 Z-2.000 F1200
G1 X10.560 Y-87.900 Z-2.000 F1200
G1 X10.680 Y-87.900 Z-2.000 F1200
G1 X10.800 Y-87.900 Z-2.000 F1200
G1 X10.920 Y-87.900 Z-2.000 F1200
G1 X11.040 Y-87.900 Z-2.000 F1200
G1 X11.100 Y-87.960 Z-2.000 F1200
G1 X11.160 Y-88.020 Z-2.000 F1200
G1 X11.280 Y-88.020 Z-2.000 F1200
G1 X11.400 Y-88.020 Z-2.000 F1200
G1 X11.520 Y-88.020 Z-2.000 F1200
G1 X11.640 Y-88.020 Z-2.000 F1200
G1 X11.760 Y-88.020 Z-2.000 F1200
G1 X11.820 Y-88.080 Z-2.000 F1200
G1 X11.880 Y-88.140 Z-2.000 F1200
G1 X12.000 Y-88.140 Z-2.000 F1200
G1 X12.120 Y-88.140 Z-2.000 F1200
G1 X12.240 Y-88.140 Z-2.000 F1200
G1 X12.300 Y-88.200 Z-2.000 F1200
G1 X12.360 Y-88.260 Z-2.000 F1200
G1 X12.480 Y-88.260 Z-2.000 F1200
G1 X12.600 Y-88.260 Z-2.000 F1200
G1 X12.660 Y-88.320 Z-2.000 F1200
G1 X12.720 Y-88.380 Z-2.000 F1200
G1 X12.840 Y-88.380 Z-2.000 F1200
G1 X12.900 Y-88.440 Z-2.000 F1200
G1 X12.960 Y-88.500 Z-2.000 F1200
G1 X13.080 Y-88.500 Z-2.000 F1200
G1 X13.140 Y-88.560 Z-2.000 F1200
G1 X13.200 Y-88.620 Z-2.000 F1200
G1 X13.260 Y-88.680 Z-2.000 F1200
G1 X13.320 Y-88.740 Z-2.000 F1200
G1 X13.440 Y-88.740 Z-2.000 F1200
G1 X13.500 Y-88.800 Z-2.000 F1200
G1 X13.560 Y-88.860 Z-2.000 F1200
G1 X13.620 Y-88.920 Z-2.000 F1200
G1 X13.680 Y-88.980 Z-2.000 F1200
G1 X13.800 Y-88.980 Z-2.000 F1200
G1 X13.860 Y-89.040 Z-2.000 F1200
G1 X13.920 Y-89.100 Z-2.000 F1200
G1 X13.980 Y-89.160 Z-2.000 F1200
G1 X14.040 Y-89.220 Z-2.000 F1200
G1 X14.100 Y-89.280 Z-2.000 F1200
G1 X14.160 Y-89.340 Z-2.000 F1200
G1 X14.220 Y-89.400 Z-2.000 F1200
G1 X14.280 Y-89.460 Z-2.000 F1200
G1 X14.340 Y-89.520 Z-2.000 F1200
G1 X14.340 Y-89.640 Z-2.000 F1200
G1 X14.400 Y-89.700 Z-2.000 F1200
G1 X14.460 Y-89.760 Z-2.000 F1200
G1 X14.520 Y-89.820 Z-2.000 F1200
G1 X14.580 Y-89.880 Z-2.000 F1200
G1 X14.640 Y-89.940 Z-2.000 F1200
G1 X14.700 Y-90.000 Z-2.000 F1200
G1 X14.700 Y-90.120 Z-2.000 F1200
G1 X14.760 Y-90.180 Z-2.000 F1200
G1 X14.820 Y-90.240 Z-2.000 F1200
G1 X14.820 Y-90.360 Z-2.000 F1200
G1 X14.880 Y-90.420 Z-2.000 F1200
G1 X14.940 Y-90.480 Z-2.000 F1200
G1 X14.940 Y-90.600 Z-2.000 F1200
G1 X15.000 Y-90.660 Z-2.000 F1200
G1 X15.060 Y-90.720 Z-2.000 F1200
G1 X15.060 Y-90.840 Z-2.000 F1200
G1 X15.120 Y-90.900 Z-2.000 F1200
G1 X15.180 Y-90.960 Z-2.000 F1200
G1 X15.180 Y-91.080 Z-2.000 F1200
G1 X15.180 Y-91.200 Z-2.000 F1200
G1 X15.240 Y-91.260 Z-2.000 F1200
G1 X15.300 Y-91.320 Z-2.000 F1200
G1 X15.300 Y-91.440 Z-2.000 F1200
G1 X15.300 Y-91.560 Z-2.000 F1200
G1 X15.360 Y-91.620 Z-2.000 F1200
G1 X15.420 Y-91.680 Z-2.000 F1200
G1 X15.420 Y-91.800 Z-2.000 F1200
G1 X15.420 Y-91.920 Z-2.000 F1200
G1 X15.420 Y-92.040 Z-2.000 F1200
G1 X15.480 Y-92.100 Z-2.000 F1200
G1 X15.540 Y-92.160 Z-2.000 F1200
G1 X15.540 Y-92.280 Z-2.000 F1200
G1 X15.540 Y-92.400 Z-2.000 F1200
G1 X15.540 Y-92.520 Z-2.000 F1200
G1 X15.600 Y-92.580 Z-2.000 F1200
G1 X15.660 Y-92.640 Z-2.000 F1200
G1 X15.660 Y-92.760 Z-2.000 F1200
G1 X15.660 Y-92.880 Z-2.000 F1200
G1 X15.660 Y-93.000 Z-2.000 F1200
G1 X15.660 Y-93.120 Z-2.000 F1200
G1 X15.660 Y-93.240 Z-2.000 F1200
G1 X15.720 Y-93.300 Z-2.000 F1200
G1 X15.780 Y-93.360 Z-2.000 F1200
G1 X15.780 Y-93.480 Z-2.000 F1200
G1 X15.780 Y-93.600 Z-2.000 F1200
G1 X15.780 Y-93.720 Z-2.000 F1200
G1 X15.780 Y-93.840 Z-2.000 F1200
G1 X15.780 Y-93.960 Z-2.000 F1200
G1 X15.780 Y-94.080 Z-2.000 F1200
G1 X15.780 Y-94.200 Z-2.000 F1200
G1 X15.780 Y-94.320 Z-2.000 F1200
G1 X15.780 Y-94.440 Z-2.000 F1200
G1 X15.780 Y-94.560 Z-2.000 F1200
G1 X15.840 Y-94.620 Z-2.000 F1200
G1 X15.900 Y-94.680 Z-2.000 F1200
G1 X15.900 Y-94.800 Z-2.000 F1200
G1 X15.900 Y-94.920 Z-2.000 F1200
G1 X15.900 Y-95.040 Z-2.000 F1200
G1 X15.900 Y-95.160 Z-2.000 F1200
G1 X15.900 Y-95.280 Z-2.000 F1200
G1 X15.900 Y-95.400 Z-2.000 F1200
G1 X15.900 Y-95.520 Z-2.000 F1200
G1 X15.900 Y-95.640 Z-2.000 F1200
G1 X15.900 Y-95.760 Z-2.000 F1200
G1 X15.900 Y-95.880 Z-2.000 F1200
G1 X15.900 Y-96.000 Z-2.000 F1200
G1 X15.900 Y-96.120 Z-2.000 F1200
G1 X15.900 Y-96.240 Z-2.000 F1200
G1 X15.900 Y-96.360 Z-2.000 F1200
G1 X15.900 Y-96.480 Z-2.000 F1200
G1 X15.900 Y-96.600 Z-2.000 F1200
G1 X15.900 Y-96.720 Z-2.000 F1200
G1 X15.900 Y-96.840 Z-2.000 F1200
G1 X15.900 Y-96.960 Z-2.000 F1200
G1 X15.840 Y-97.020 Z-2.000 F1200
G1 X15.780 Y-97.080 Z-2.000 F1200
G1 X15.780 Y-97.200 Z-2.000 F1200
G1 X15.780 Y-97.320 Z-2.000 F1200
G1 X15.780 Y-97.440 Z-2.000 F1200
G1 X15.780 Y-97.560 Z-2.000 F1200
G1 X15.780 Y-97.680 Z-2.000 F1200
G1 X15.780 Y-97.800 Z-2.000 F1200
G1 X15.780 Y-97.920 Z-2.000 F1200
G1 X15.780 Y-98.040 Z-2.000 F1200
G1 X15.780 Y-98.160 Z-2.000 F1200
G1 X15.780 Y-98.280 Z-2.000 F1200
G1 X15.720 Y-98.340 Z-2.000 F1200
G1 X15.660 Y-98.400 Z-2.000 F1200
G1 X15.660 Y-98.520 Z-2.000 F1200
G1 X15.660 Y-98.640 Z-2.000 F1200
G1 X15.660 Y-98.760 Z-2.000 F1200
G1 X15.660 Y-98.880 Z-2.000 F1200
G1 X15.660 Y-99.000 Z-2.000 F1200
G1 X15.600 Y-99.060 Z-2.000 F1200
G1 X15.540 Y-99.120 Z-2.000 F1200
G1 X15.540 Y-99.240 Z-2.000 F1200
G1 X15.540 Y-99.360 Z-2.000 F1200
G1 X15.540 Y-99.480 Z-2.000 F1200
G1 X15.480 Y-99.540 Z-2.000 F1200
G1 X15.420 Y-99.600 Z-2.000 F1200
G1 X15.420 Y-99.720 Z-2.000 F1200
G1 X15.420 Y-99.840 Z-2.000 F1200
G1 X15.420 Y-99.960 Z-2.000 F1200
G1 X15.360 Y-100.020 Z-2.000 F1200
G1 X15.300 Y-100.080 Z-2.000 F1200
G1 X15.300 Y-100.200 Z-2.000 F1200
G1 X15.300 Y-100.320 Z-2.000 F1200
G1 X15.240 Y-100.380 Z-2.000 F1200
G1 X15.180 Y-100.440 Z-2.000 F1200
G1 X15.180 Y-100.560 Z-2.000 F1200
G1 X15.180 Y-100.680 Z-2.000 F1200
G1 X15.120 Y-100.740 Z-2.000 F1200
G1 X15.060 Y-100.800 Z-2.000 F1200
G1 X15.060 Y-100.920 Z-2.000 F1200
G1 X15.000 Y-100.980 Z-2.000 F1200
G1 X14.940 Y-101.040 Z-2.000 F1200
G1 X14.940 Y-101.160 Z-2.000 F1200
G1 X14.880 Y-101.220 Z-2.000 F1200
G1 X14.820 Y-101.280 Z-2.000 F1200
G1 X14.820 Y-101.400 Z-2.000 F1200
G1 X14.760 Y-101.460 Z-2.000 F1200
G1 X14.700 Y-101.520 Z-2.000 F1200
G1 X14.640 Y-101.580 Z-2.000 F1200
G1 X14.580 Y-101.640 Z-2.000 F1200
G1 X14.580 Y-101.760 Z-2.000 F1200
G1 X14.520 Y-101.820 Z-2.000 F1200
G1 X14.460 Y-101.880 Z-2.000 F1200
G1 X14.400 Y-101.940 Z-2.000 F1200
G1 X14.340 Y-102.000 Z-2.000 F1200
G1 X14.280 Y-102.060 Z-2.000 F1200
G1 X14.220 Y-102.120 Z-2.000 F1200
G1 X14.220 Y-102.240 Z-2.000 F1200
G1 X14.160 Y-102.300 Z-2.000 F1200
G1 X14.100 Y-102.360 Z-2.000 F1200
G1 X14.040 Y-102.420 Z-2.000 F1200
G1 X13.980 Y-102.480 Z-2.000 F1200
G1 X13.920 Y-102.540 Z-2.000 F1200
G1 X13.800 Y-102.540 Z-2.000 F1200
G1 X13.740 Y-102.600 Z-2.000 F1200
G1 X13.680 Y-102.660 Z-2.000 F1200
G1 X13.620 Y-102.720 Z-2.000 F1200
G1 X13.560 Y-102.780 Z-2.000 F1200
G1 X13.500 Y-102.840 Z-2.000 F1200
G1 X13.440 Y-102.900 Z-2.000 F1200
G1 X13.320 Y-102.900 Z-2.000 F1200
G1 X13.260 Y-102.960 Z-2.000 F1200
G1 X13.200 Y-103.020 Z-2.000 F1200
G1 X13.140 Y-103.080 Z-2.000 F1200
G1 X13.080 Y-103.140 Z-2.000 F1200
G1 X12.960 Y-103.140 Z-2.000 F1200
G1 X12.900 Y-103.200 Z-2.000 F1200
G1 X12.840 Y-103.260 Z-2.000 F1200
G1 X12.720 Y-103.260 Z-2.000 F1200
G1 X12.600 Y-103.260 Z-2.000 F1200
G1 X12.540 Y-103.320 Z-2.000 F1200
G1 X12.480 Y-103.380 Z-2.000 F1200
G1 X12.360 Y-103.380 Z-2.000 F1200
G1 X12.300 Y-103.440 Z-2.000 F1200
G1 X12.240 Y-103.500 Z-2.000 F1200
G1 X12.120 Y-103.500 Z-2.000 F1200
G1 X12.000 Y-103.500 Z-2.000 F1200
G1 X11.880 Y-103.500 Z-2.000 F1200
G1 X11.820 Y-103.560 Z-2.000 F1200
G1 X11.760 Y-103.620 Z-2.000 F1200
G1 X11.640 Y-103.620 Z-2.000 F1200
G1 X11.520 Y-103.620 Z-2.000 F1200
G1 X11.400 Y-103.620 Z-2.000 F1200
G1 X11.280 Y-103.620 Z-2.000 F1200
G1 X11.160 Y-103.620 Z-2.000 F1200
G1 X11.100 Y-103.680 Z-2.000 F1200
G1 X11.040 Y-103.740 Z-2.000 F1200
G1 X10.920 Y-103.740 Z-2.000 F1200
G1 X10.800 Y-103.740 Z-2.000 F1200
G1 X10.680 Y-103.740 Z-2.000 F1200
G1 X10.560 Y-103.740 Z-2.000 F1200
G1 X10.440 Y-103.740 Z-2.000 F1200
G1 X10.320 Y-103.740 Z-2.000 F1200
G1 X10.200 Y-103.740 Z-2.000 F1200
G1 X10.080 Y-103.740 Z-2.000 F1200
G1 X9.960 Y-103.740 Z-2.000 F1200
G1 X9.840 Y-103.740 Z-2.000 F1200
G1 X9.720 Y-103.740 Z-2.000 F1200
G1 X9.600 Y-103.740 Z-2.000 F1200
G1 X9.480 Y-103.740 Z-2.000 F1200
G1 X9.360 Y-103.740 Z-2.000 F1200
G1 X9.240 Y-103.740 Z-2.000 F1200
G1 X9.120 Y-103.740 Z-2.000 F1200
G1 X9.000 Y-103.740 Z-2.000 F1200
G1 X8.880 Y-103.740 Z-2.000 F1200
G1 X8.760 Y-103.740 Z-2.000 F1200
G1 X8.640 Y-103.740 Z-2.000 F1200
G1 X8.520 Y-103.740 Z-2.000 F1200
G1 X8.460 Y-103.680 Z-2.000 F1200
G1 X8.460 Y-103.560 Z-2.000 F1200
G1 X8.460 Y-103.440 Z-2.000 F1200
G1 X8.460 Y-103.320 Z-2.000 F1200
G1 X8.460 Y-103.200 Z-2.000 F1200
G1 X8.460 Y-103.080 Z-2.000 F1200
G1 X8.460 Y-102.960 Z-2.000 F1200
G1 X8.460 Y-102.840 Z-2.000 F1200
G1 X8.460 Y-102.720 Z-2.000 F1200
G1 X8.460 Y-102.600 Z-2.000 F1200
G1 X8.460 Y-102.480 Z-2.000 F1200
G1 X8.460 Y-102.360 Z-2.000 F1200
G1 X8.460 Y-102.240 Z-2.000 F1200
G1 X8.460 Y-102.120 Z-2.000 F1200
G1 X8.460 Y-102.000 Z-2.000 F1200
G1 X8.460 Y-101.880 Z-2.000 F1200
G1 X8.460 Y-101.760 Z-2.000 F1200
G1 X8.460 Y-101.640 Z-2.000 F1200
G1 X8.460 Y-101.520 Z-2.000 F1200
G1 X8.460 Y-101.400 Z-2.000 F1200
G1 X8.460 Y-101.280 Z-2.000 F1200
G1 X8.460 Y-101.160 Z-2.000 F1200
G1 X8.460 Y-101.040 Z-2.000 F1200
G1 X8.460 Y-100.920 Z-2.000 F1200
G1 X8.460 Y-100.800 Z-2.000 F1200
G1 X8.460 Y-100.680 Z-2.000 F1200
G1 X8.460 Y-100.560 Z-2.000 F1200
G1 X8.460 Y-100.440 Z-2.000 F1200
G1 X8.460 Y-100.320 Z-2.000 F1200
G1 X8.460 Y-100.200 Z-2.000 F1200
G1 X8.460 Y-100.080 Z-2.000 F1200
G1 X8.460 Y-99.960 Z-2.000 F1200
G1 X8.460 Y-99.840 Z-2.000 F1200
G1 X8.460 Y-99.720 Z-2.000 F1200
G1 X8.460 Y-99.600 Z-2.000 F1200
G1 X8.460 Y-99.480 Z-2.000 F1200
G1 X8.460 Y-99.360 Z-2.000 F1200
G1 X8.460 Y-99.240 Z-2.000 F1200
G1 X8.460 Y-99.120 Z-2.000 F1200
G1 X8.460 Y-99.000 Z-2.000 F1200
G1 X8.460 Y-98.880 Z-2.000 F1200
G1 X8.460 Y-98.760 Z-2.000 F1200
G1 X8.460 Y-98.640 Z-2.000 F1200
G1 X8.460 Y-98.520 Z-2.000 F1200
G1 X8.460 Y-98.400 Z-2.000 F1200
G1 X8.460 Y-98.280 Z-2.000 F1200
G1 X8.460 Y-98.160 Z-2.000 F1200
G1 X8.460 Y-98.040 Z-2.000 F1200
G1 X8.460 Y-97.920 Z-2.000 F1200
G1 X8.460 Y-97.800 Z-2.000 F1200
G1 X8.460 Y-97.680 Z-2.000 F1200
G1 X8.460 Y-97.560 Z-2.000 F1200
G1 X8.460 Y-97.440 Z-2.000 F1200
G1 X8.460 Y-97.320 Z-2.000 F1200
G1 X8.460 Y-97.200 Z-2.000 F1200
G1 X8.460 Y-97.080 Z-2.000 F1200
G1 X8.460 Y-96.960 Z-2.000 F1200
G1 X8.460 Y-96.840 Z-2.000 F1200
G1 X8.460 Y-96.720 Z-2.000 F1200
G1 X8.460 Y-96.600 Z-2.000 F1200
G1 X8.460 Y-96.480 Z-2.000 F1200
G1 X8.460 Y-96.360 Z-2.000 F1200
G1 X8.460 Y-96.240 Z-2.000 F1200
G1 X8.460 Y-96.120 Z-2.000 F1200
G1 X8.460 Y-96.000 Z-2.000 F1200
G1 X8.460 Y-95.880 Z-2.000 F1200
G1 X8.460 Y-95.760 Z-2.000 F1200
G1 X8.460 Y-95.640 Z-2.000 F1200
G1 X8.460 Y-95.520 Z-2.000 F1200
G1 X8.460 Y-95.400 Z-2.000 F1200
G1 X8.460 Y-95.280 Z-2.000 F1200
G1 X8.460 Y-95.160 Z-2.000 F1200
G1 X8.460 Y-95.040 Z-2.000 F1200
G1 X8.460 Y-94.920 Z-2.000 F1200
G1 X8.460 Y-94.800 Z-2.000 F1200
G1 X8.460 Y-94.680 Z-2.000 F1200
G1 X8.460 Y-94.560 Z-2.000 F1200
G1 X8.460 Y-94.440 Z-2.000 F1200
G1 X8.460 Y-94.320 Z-2.000 F1200
G1 X8.460 Y-94.200 Z-2.000 F1200
G1 X8.460 Y-94.080 Z-2.000 F1200
G1 X8.460 Y-93.960 Z-2.000 F1200
G1 X8.460 Y-93.840 Z-2.000 F1200
G1 X8.460 Y-93.720 Z-2.000 F1200
G1 X8.460 Y-93.600 Z-2.000 F1200
G1 X8.460 Y-93.480 Z-2.000 F1200
G1 X8.460 Y-93.360 Z-2.000 F1200
G1 X8.460 Y-93.240 Z-2.000 F1200
G1 X8.460 Y-93.120 Z-2.000 F1200
G1 X8.460 Y-93.000 Z-2.000 F1200
G1 X8.460 Y-92.880 Z-2.000 F1200
G1 X8.460 Y-92.760 Z-2.000 F1200
G1 X8.460 Y-92.640 Z-2.000 F1200
G1 X8.460 Y-92.520 Z-2.000 F1200
G1 X8.460 Y-92.400 Z-2.000 F1200
G1 X8.460 Y-92.280 Z-2.000 F1200
G1 X8.460 Y-92.160 Z-2.000 F1200
G1 X8.460 Y-92.040 Z-2.000 F1200
G1 X8.460 Y-91.920 Z-2.000 F1200
G1 X8.460 Y-91.800 Z-2.000 F1200
G1 X8.460 Y-91.680 Z-2.000 F1200
G1 X8.460 Y-91.560 Z-2.000 F1200
G1 X8.460 Y-91.440 Z-2.000 F1200
G1 X8.460 Y-91.320 Z-2.000 F1200
G1 X8.460 Y-91.200 Z-2.000 F1200
G1 X8.460 Y-91.080 Z-2.000 F1200
G1 X8.460 Y-90.960 Z-2.000 F1200
G1 X8.460 Y-90.840 Z-2.000 F1200
G1 X8.460 Y-90.720 Z-2.000 F1200
G1 X8.460 Y-90.600 Z-2.000 F1200
G1 X8.460 Y-90.480 Z-2.000 F1200
G1 X8.460 Y-90.360 Z-2.000 F1200
G1 X8.460 Y-90.240 Z-2.000 F1200
G1 X8.460 Y-90.120 Z-2.000 F1200
G1 X8.460 Y-90.000 Z-2.000 F1200
G1 X8.460 Y-89.880 Z-2.000 F1200
G1 X8.460 Y-89.760 Z-2.000 F1200
G1 X8.460 Y-89.640 Z-2.000 F1200
G1 X8.460 Y-89.520 Z-2.000 F1200
G1 X8.460 Y-89.400 Z-2.000 F1200
G1 X8.460 Y-89.280 Z-2.000 F1200
G1 X8.460 Y-89.160 Z-2.000 F1200
G1 X8.460 Y-89.040 Z-2.000 F1200
G1 X8.460 Y-88.920 Z-2.000 F1200
G1 X8.460 Y-88.800 Z-2.000 F1200
G1 X8.460 Y-88.680 Z-2.000 F1200
G1 X8.460 Y-88.560 Z-2.000 F1200
G1 X8.460 Y-88.440 Z-2.000 F1200
G1 X8.460 Y-88.320 Z-2.000 F1200
G1 X8.460 Y-88.200 Z-2.000 F1200
G1 X8.460 Y-88.080 Z-2.000 F1200
G1 X8.460 Y-87.960 Z-2.000 F1200
G0 Z2.000
M5
G0 X0.000 Y0.000
M2
